peakFreq,snr,amplitude,centralFreq,duration,bandwidth,Q-value,prediction1,prediction2,prediction3,prediction4,prediction5,prediction6,prediction7,prediction8,prediction9,prediction10,p1 confidence,p2 confidence,p3 confidence,p4 confidence,p5 confidence,p6 confidence,p7 confidence,p8 confidence,p9 confidence,p10 confidence
38.027,3564.764,3.08e-20,3977.241,6.0,7946.48291,5.657,Extremely_Loud,Whistle,Wandering_Line,1400Ripples,Air_Compressor,Blip,Chirp,Helix,Koi_Fish,Light_Modulation,1.0,0.0,0.0,0.0,0.0,0.0,0.0,0.0,0.0,0.0
142.363,583.077,2.2899999999999997e-21,3406.167,4.0,6792.334961,5.657,Extremely_Loud,Whistle,Wandering_Line,1400Ripples,Air_Compressor,Blip,Chirp,Helix,Koi_Fish,Light_Modulation,1.0,0.0,0.0,0.0,0.0,0.0,0.0,0.0,0.0,0.0
137.711,1964.566,7.98e-21,3877.68,7.25,7740.13623,5.657,Extremely_Loud,Koi_Fish,Whistle,Wandering_Line,1400Ripples,Air_Compressor,Blip,Chirp,Helix,Light_Modulation,0.99,0.01,0.0,0.0,0.0,0.0,0.0,0.0,0.0,0.0
39.789,309.683,2.68e-21,1019.543,2.75,2014.350952,5.657,Koi_Fish,Extremely_Loud,Whistle,Wandering_Line,1400Ripples,Air_Compressor,Blip,Chirp,Helix,Light_Modulation,0.63,0.37,0.0,0.0,0.0,0.0,0.0,0.0,0.0,0.0
39.789,1525.606,1.3e-20,3980.241,6.25,7940.48291,11.314,Extremely_Loud,Whistle,Wandering_Line,1400Ripples,Air_Compressor,Blip,Chirp,Helix,Koi_Fish,Light_Modulation,1.0,0.0,0.0,0.0,0.0,0.0,0.0,0.0,0.0,0.0
32.173,170.06099999999995,1.9300000000000007e-21,3981.425,3.75,7938.115723000001,5.657,Extremely_Loud,Koi_Fish,Whistle,Wandering_Line,1400Ripples,Air_Compressor,Blip,Chirp,Helix,Light_Modulation,0.95,0.05,0.0,0.0,0.0,0.0,0.0,0.0,0.0,0.0
142.363,237.133,9.34e-22,1557.559,2.5610000000000004,3084.527832,5.657,Extremely_Loud,Koi_Fish,Whistle,Wandering_Line,1400Ripples,Air_Compressor,Blip,Chirp,Helix,Light_Modulation,0.87,0.13,0.0,0.0,0.0,0.0,0.0,0.0,0.0,0.0
89.676,1164.723,5.500000000000001e-21,3389.538,3.75,6760.209961,5.657,Extremely_Loud,Koi_Fish,Whistle,Wandering_Line,1400Ripples,Air_Compressor,Blip,Chirp,Helix,Light_Modulation,0.96,0.04,0.0,0.0,0.0,0.0,0.0,0.0,0.0,0.0
115.113,3698.039,1.5200000000000002e-20,3980.241,6.813,7940.48291,11.314,Extremely_Loud,No_Glitch,Whistle,Low_Frequency_Burst,1400Ripples,Air_Compressor,Blip,Chirp,Helix,Koi_Fish,0.5,0.5,0.0,0.0,0.0,0.0,0.0,0.0,0.0,0.0
26.015,390.281,7.159999999999999e-21,2961.093,3.75,5902.186035,11.314,Extremely_Loud,Light_Modulation,Whistle,Wandering_Line,1400Ripples,Air_Compressor,Blip,Chirp,Helix,Koi_Fish,0.94,0.06,0.0,0.0,0.0,0.0,0.0,0.0,0.0,0.0
145.556,11.403,4.1299999999999987e-23,3847.244,3.313,7527.091309,45.255,No_Glitch,Scratchy,Whistle,Blip,Extremely_Loud,Koi_Fish,Scattered_Light,Power_Line,None_of_the_Above,1400Ripples,0.47,0.32,0.13,0.02,0.02,0.01,0.01,0.01,0.01,0.0
260.813,10.46,3.49e-23,3975.253,1.813,7800.963867,11.314,Scratchy,Whistle,No_Glitch,Violin_Mode,Scattered_Light,None_of_the_Above,Light_Modulation,Koi_Fish,1400Ripples,Air_Compressor,0.75,0.18,0.03,0.01,0.01,0.01,0.01,0.0,0.0,0.0
97.888,9.743,4.91e-23,3159.331,0.813,6183.306152,45.255,No_Glitch,Power_Line,Whistle,Scratchy,Air_Compressor,Light_Modulation,1400Ripples,Blip,Chirp,Extremely_Loud,0.86,0.08,0.03,0.02,0.01,0.0,0.0,0.0,0.0,0.0
78.628,7.862,4.77e-23,3970.998,1.0,7809.474120999998,22.627,Scratchy,No_Glitch,Power_Line,Whistle,Air_Compressor,Scattered_Light,Light_Modulation,1400Ripples,Blip,Chirp,0.68,0.16,0.1,0.04,0.01,0.01,0.0,0.0,0.0,0.0
83.366,13.376,6.49e-23,99.116,1.5630000000000002,88.784286,45.255,Scratchy,No_Glitch,Scattered_Light,Whistle,Light_Modulation,1400Ripples,Air_Compressor,Blip,Chirp,Extremely_Loud,0.78,0.21,0.01,0.0,0.0,0.0,0.0,0.0,0.0,0.0
122.159,13.168,5.75e-23,122.365,0.875,28.676701,45.255,Scratchy,No_Glitch,Power_Line,Whistle,Light_Modulation,1400Ripples,Air_Compressor,Blip,Chirp,Extremely_Loud,0.68,0.31,0.01,0.0,0.0,0.0,0.0,0.0,0.0,0.0
60.857,7.752999999999999,4.63e-23,3363.128,0.449,6688.425781,5.657,Blip,Tomte,Whistle,No_Glitch,Power_Line,Light_Modulation,1400Ripples,Air_Compressor,Chirp,Extremely_Loud,0.83,0.1,0.03,0.03,0.01,0.0,0.0,0.0,0.0,0.0
779.059,14.65,9.28e-23,3979.717,0.503,7792.036620999998,5.657,Scratchy,Whistle,Blip,No_Glitch,Repeating_Blips,Light_Modulation,1400Ripples,Air_Compressor,Chirp,Extremely_Loud,0.69,0.16,0.12,0.02,0.01,0.0,0.0,0.0,0.0,0.0
96.967,7.521,3.46e-23,2868.237,0.438,5569.076172,11.314,No_Glitch,Scratchy,Air_Compressor,Whistle,Scattered_Light,Chirp,Power_Line,Helix,Light_Modulation,1400Ripples,0.67,0.13,0.05,0.04,0.04,0.04,0.02,0.01,0.0,0.0
96.967,11.437,8.13e-23,1276.784,3.75,2385.709229,45.255,No_Glitch,Scattered_Light,Extremely_Loud,Whistle,Low_Frequency_Burst,1400Ripples,Air_Compressor,Blip,Chirp,Helix,0.98,0.01,0.01,0.0,0.0,0.0,0.0,0.0,0.0,0.0
60.785,8.785,5.689999999999999e-23,101.284,0.5,114.06996200000002,22.627,Power_Line,No_Glitch,Extremely_Loud,Scratchy,None_of_the_Above,Scattered_Light,Repeating_Blips,Paired_Doves,Koi_Fish,Whistle,0.85,0.04,0.03,0.02,0.02,0.01,0.01,0.01,0.01,0.0
55.719,7.5310000000000015,3.629999999999999e-23,3723.394,0.6559999999999999,7337.128906,45.255,Power_Line,Scattered_Light,No_Glitch,Air_Compressor,Whistle,Light_Modulation,1400Ripples,Blip,Chirp,Extremely_Loud,0.8,0.07,0.07,0.06,0.0,0.0,0.0,0.0,0.0,0.0
70.623,11.512,4.82e-23,3890.263,0.494,7675.610352,45.255,Power_Line,Whistle,Low_Frequency_Burst,1400Ripples,Air_Compressor,Blip,Chirp,Extremely_Loud,Helix,Koi_Fish,1.0,0.0,0.0,0.0,0.0,0.0,0.0,0.0,0.0,0.0
70.623,9.687,3.89e-23,3978.902,4.0,7943.162109000001,22.627,Power_Line,Whistle,Scratchy,Scattered_Light,Blip,None_of_the_Above,Wandering_Line,Koi_Fish,1400Ripples,Air_Compressor,0.94,0.01,0.01,0.01,0.01,0.01,0.01,0.0,0.0,0.0
70.623,10.781,4.21e-23,1178.955,0.5,2252.993896,22.627,Power_Line,Air_Compressor,Whistle,Low_Frequency_Burst,1400Ripples,Blip,Chirp,Extremely_Loud,Helix,Koi_Fish,0.99,0.01,0.0,0.0,0.0,0.0,0.0,0.0,0.0,0.0
80.275,11.932,6.38e-23,3936.451,3.5,7730.479492,45.255,No_Glitch,Scratchy,Power_Line,Whistle,Extremely_Loud,Scattered_Light,Wandering_Line,1080Lines,Paired_Doves,None_of_the_Above,0.59,0.24,0.06,0.04,0.03,0.02,0.01,0.01,0.0,0.0
53.948,10.852,8.37e-23,3980.241,8.625,7940.48291,45.255,Power_Line,Scattered_Light,Low_Frequency_Lines,Extremely_Loud,Wandering_Line,Light_Modulation,1400Ripples,Air_Compressor,Blip,Chirp,0.73,0.24,0.01,0.01,0.01,0.0,0.0,0.0,0.0,0.0
70.623,13.469,5.41e-23,2185.931,0.375,4266.945801,22.627,Power_Line,Whistle,Violin_Mode,Scratchy,None_of_the_Above,Light_Modulation,1400Ripples,Air_Compressor,Blip,Chirp,0.95,0.02,0.01,0.01,0.01,0.0,0.0,0.0,0.0,0.0
70.623,9.133,4.1299999999999987e-23,3848.827,1.141,7612.989745999998,45.255,Power_Line,No_Glitch,Scratchy,Whistle,Scattered_Light,Air_Compressor,Violin_Mode,Koi_Fish,1400Ripples,Blip,0.42,0.42,0.06,0.03,0.03,0.03,0.01,0.0,0.0,0.0
70.331,10.09,5.97e-23,71.354,1.875,9.02486,45.255,No_Glitch,Power_Line,Air_Compressor,Scattered_Light,Low_Frequency_Lines,Scratchy,Light_Modulation,1400Ripples,Blip,Chirp,0.64,0.22,0.1,0.02,0.01,0.01,0.0,0.0,0.0,0.0
29.948,10.245,1.35e-22,944.17,1.5,1850.509644,45.255,Scattered_Light,Whistle,Low_Frequency_Burst,1400Ripples,Air_Compressor,Blip,Chirp,Extremely_Loud,Helix,Koi_Fish,1.0,0.0,0.0,0.0,0.0,0.0,0.0,0.0,0.0,0.0
26.433000000000003,9.541,2.3e-22,3984.699,1.382,7931.567383,45.255,Scattered_Light,Low_Frequency_Lines,Low_Frequency_Burst,1400Ripples,Air_Compressor,Blip,Chirp,Extremely_Loud,Helix,Koi_Fish,0.98,0.02,0.0,0.0,0.0,0.0,0.0,0.0,0.0,0.0
34.59,9.52,1.1e-22,3986.938,1.251,7927.089844,11.314,Scattered_Light,None_of_the_Above,Whistle,Low_Frequency_Burst,1400Ripples,Air_Compressor,Blip,Chirp,Extremely_Loud,Helix,0.7,0.3,0.0,0.0,0.0,0.0,0.0,0.0,0.0,0.0
30.629,9.456,2.37e-22,853.947,2.0,1670.063721,45.255,Scattered_Light,Whistle,Low_Frequency_Burst,1400Ripples,Air_Compressor,Blip,Chirp,Extremely_Loud,Helix,Koi_Fish,1.0,0.0,0.0,0.0,0.0,0.0,0.0,0.0,0.0,0.0
36.625,11.205,1.08e-22,3949.564,1.297,7852.342285,11.314,Scattered_Light,None_of_the_Above,Whistle,Low_Frequency_Burst,1400Ripples,Air_Compressor,Blip,Chirp,Extremely_Loud,Helix,0.84,0.16,0.0,0.0,0.0,0.0,0.0,0.0,0.0,0.0
26.085,9.148,3.5000000000000005e-22,915.326,1.75,1784.90918,45.255,Scattered_Light,Whistle,Low_Frequency_Burst,1400Ripples,Air_Compressor,Blip,Chirp,Extremely_Loud,Helix,Koi_Fish,1.0,0.0,0.0,0.0,0.0,0.0,0.0,0.0,0.0,0.0
39.02,10.623,1.06e-22,55.621,1.0,56.154591,11.314,Scattered_Light,None_of_the_Above,Air_Compressor,Whistle,Low_Frequency_Burst,1400Ripples,Blip,Chirp,Extremely_Loud,Helix,0.79,0.19,0.02,0.0,0.0,0.0,0.0,0.0,0.0,0.0
25.268,7.778,1.81e-22,2770.775,1.138,5505.647461,11.314,Scattered_Light,None_of_the_Above,Low_Frequency_Burst,Whistle,1400Ripples,Air_Compressor,Blip,Chirp,Extremely_Loud,Helix,0.95,0.03,0.02,0.0,0.0,0.0,0.0,0.0,0.0,0.0
27.886,13.02,4.23e-22,2398.965,1.75,4762.567871,45.255,Scattered_Light,Whistle,Low_Frequency_Burst,1400Ripples,Air_Compressor,Blip,Chirp,Extremely_Loud,Helix,Koi_Fish,1.0,0.0,0.0,0.0,0.0,0.0,0.0,0.0,0.0,0.0
27.308000000000003,9.974,2.09e-22,31.582,1.25,25.333481,11.314,Scattered_Light,None_of_the_Above,Whistle,Low_Frequency_Burst,1400Ripples,Air_Compressor,Blip,Chirp,Extremely_Loud,Helix,0.89,0.11,0.0,0.0,0.0,0.0,0.0,0.0,0.0,0.0
176.063,42.815,1.39e-22,3763.851,1.5,7497.112305,5.657,Koi_Fish,Repeating_Blips,Whistle,Low_Frequency_Burst,1400Ripples,Air_Compressor,Blip,Chirp,Extremely_Loud,Helix,0.99,0.01,0.0,0.0,0.0,0.0,0.0,0.0,0.0,0.0
115.113,147.536,5.96e-22,1262.7,1.75,2487.56958,5.657,Koi_Fish,Whistle,Wandering_Line,1400Ripples,Air_Compressor,Blip,Chirp,Extremely_Loud,Helix,Light_Modulation,1.0,0.0,0.0,0.0,0.0,0.0,0.0,0.0,0.0,0.0
93.079,102.619,4.49e-22,442.646,1.25,847.460632,5.657,Koi_Fish,Whistle,Wandering_Line,1400Ripples,Air_Compressor,Blip,Chirp,Extremely_Loud,Helix,Light_Modulation,1.0,0.0,0.0,0.0,0.0,0.0,0.0,0.0,0.0,0.0
32.173,20.358,2.23e-22,3581.752,1.26,7132.915039,5.657,Koi_Fish,Tomte,None_of_the_Above,Whistle,Low_Frequency_Burst,1400Ripples,Air_Compressor,Blip,Chirp,Extremely_Loud,0.74,0.18,0.08,0.0,0.0,0.0,0.0,0.0,0.0,0.0
142.363,165.165,6.3e-22,1010.411,2.5,1982.991089,5.657,Koi_Fish,Extremely_Loud,Blip,Whistle,Wandering_Line,1400Ripples,Air_Compressor,Chirp,Helix,Light_Modulation,0.87,0.12,0.01,0.0,0.0,0.0,0.0,0.0,0.0,0.0
75.263,96.805,5.21e-22,574.547,1.875,1111.262329,5.657,Koi_Fish,Extremely_Loud,Whistle,Wandering_Line,1400Ripples,Air_Compressor,Blip,Chirp,Helix,Light_Modulation,0.98,0.02,0.0,0.0,0.0,0.0,0.0,0.0,0.0,0.0
39.789,51.682,4.7899999999999985e-22,3762.387,2.0,7500.040039,5.657,Koi_Fish,Tomte,Violin_Mode,Extremely_Loud,Light_Modulation,Whistle,Low_Frequency_Burst,1400Ripples,Air_Compressor,Blip,0.51,0.38,0.07,0.02,0.02,0.0,0.0,0.0,0.0,0.0
75.263,267.402,1.33e-21,541.36,2.25,1060.2109380000004,5.657,Koi_Fish,Extremely_Loud,Whistle,Wandering_Line,1400Ripples,Air_Compressor,Blip,Chirp,Helix,Light_Modulation,0.96,0.04,0.0,0.0,0.0,0.0,0.0,0.0,0.0,0.0
39.789,78.851,6.21e-22,356.455,1.75,688.175659,5.657,Koi_Fish,Whistle,Wandering_Line,1400Ripples,Air_Compressor,Blip,Chirp,Extremely_Loud,Helix,Light_Modulation,1.0,0.0,0.0,0.0,0.0,0.0,0.0,0.0,0.0,0.0
75.263,24.027,1.07e-22,3134.949,0.8959999999999999,6232.068359000001,5.657,Koi_Fish,Blip,Repeating_Blips,Tomte,Whistle,Low_Frequency_Burst,1400Ripples,Air_Compressor,Chirp,Extremely_Loud,0.82,0.08,0.07,0.03,0.0,0.0,0.0,0.0,0.0,0.0
176.063,22.308000000000003,8.44e-23,4002.603,0.197,7895.759276999999,5.657,Whistle,Wandering_Line,1400Ripples,Air_Compressor,Blip,Chirp,Extremely_Loud,Helix,Koi_Fish,Light_Modulation,1.0,0.0,0.0,0.0,0.0,0.0,0.0,0.0,0.0,0.0
1192.246,8.112,7.43e-23,2986.773,0.106,5717.5151369999985,11.314,Whistle,Violin_Mode,1400Ripples,No_Glitch,Low_Frequency_Burst,Air_Compressor,Blip,Chirp,Extremely_Loud,Helix,0.96,0.02,0.01,0.01,0.0,0.0,0.0,0.0,0.0,0.0
469.598,9.79,4.37e-23,337.8880000000001,0.359,436.480896,45.255,Whistle,Violin_Mode,Scratchy,No_Glitch,Light_Modulation,1400Ripples,Air_Compressor,Blip,Chirp,Extremely_Loud,0.92,0.04,0.02,0.02,0.0,0.0,0.0,0.0,0.0,0.0
841.056,12.523,8.42e-23,4039.249,0.171,7822.467773,11.314,Whistle,Wandering_Line,1400Ripples,Air_Compressor,Blip,Chirp,Extremely_Loud,Helix,Koi_Fish,Light_Modulation,1.0,0.0,0.0,0.0,0.0,0.0,0.0,0.0,0.0,0.0
411.865,9.577,4.14e-23,3915.723,0.16,7664.049805,5.657,Whistle,Blip,Wandering_Line,1400Ripples,Air_Compressor,Chirp,Extremely_Loud,Helix,Koi_Fish,Light_Modulation,0.99,0.01,0.0,0.0,0.0,0.0,0.0,0.0,0.0,0.0
309.899,15.393,5.62e-23,2681.39,6.707000000000002,5230.257324,45.255,No_Glitch,Whistle,Scratchy,Violin_Mode,None_of_the_Above,Koi_Fish,Wandering_Line,1400Ripples,Air_Compressor,Blip,0.39,0.38,0.16,0.03,0.02,0.01,0.01,0.0,0.0,0.0
1119.816,10.736,9.27e-23,3262.521,0.552,4516.651855,45.255,Whistle,1400Ripples,Wandering_Line,Air_Compressor,Blip,Chirp,Extremely_Loud,Helix,Koi_Fish,Light_Modulation,0.99,0.01,0.0,0.0,0.0,0.0,0.0,0.0,0.0,0.0
1065.326,12.337,9.999999999999999e-23,3915.385,0.25,7772.611816,11.314,Whistle,Violin_Mode,No_Glitch,Low_Frequency_Burst,1400Ripples,Air_Compressor,Blip,Chirp,Extremely_Loud,Helix,0.95,0.04,0.01,0.0,0.0,0.0,0.0,0.0,0.0,0.0
1349.3970000000004,29.972,2.25e-22,1833.137,0.031,2533.37085,5.657,Whistle,1400Ripples,Blip,Violin_Mode,No_Glitch,Low_Frequency_Burst,Air_Compressor,Chirp,Extremely_Loud,Helix,0.6,0.23,0.12,0.04,0.01,0.0,0.0,0.0,0.0,0.0
269.285,22.275,8.729999999999998e-23,3989.862,0.546,7921.241698999998,5.657,Blip,Whistle,Repeating_Blips,Low_Frequency_Burst,1400Ripples,Air_Compressor,Chirp,Extremely_Loud,Helix,Koi_Fish,0.81,0.17,0.02,0.0,0.0,0.0,0.0,0.0,0.0,0.0
11.121,7.524,4.8e-20,12.647,2.188,5.29479,5.657,Low_Frequency_Burst,Whistle,Wandering_Line,1400Ripples,Air_Compressor,Blip,Chirp,Extremely_Loud,Helix,Koi_Fish,1.0,0.0,0.0,0.0,0.0,0.0,0.0,0.0,0.0,0.0
10.609000000000002,13.192,1.5e-19,3461.2490000000007,1.5,6902.498535,11.314,Low_Frequency_Burst,Scattered_Light,No_Glitch,Whistle,1400Ripples,Air_Compressor,Blip,Chirp,Extremely_Loud,Helix,0.98,0.01,0.01,0.0,0.0,0.0,0.0,0.0,0.0,0.0
10.609000000000002,48.883,7.12e-19,3130.492,5.75,6240.9838869999985,11.314,Low_Frequency_Burst,Whistle,Wandering_Line,1400Ripples,Air_Compressor,Blip,Chirp,Extremely_Loud,Helix,Koi_Fish,1.0,0.0,0.0,0.0,0.0,0.0,0.0,0.0,0.0,0.0
11.319,11.521,4.8999999999999996e-20,3197.182,1.5,6379.1401369999985,11.314,Low_Frequency_Burst,Whistle,Wandering_Line,1400Ripples,Air_Compressor,Blip,Chirp,Extremely_Loud,Helix,Koi_Fish,0.99,0.01,0.0,0.0,0.0,0.0,0.0,0.0,0.0,0.0
11.245,17.455,2e-19,12.647,1.5,5.29479,5.657,Low_Frequency_Burst,No_Glitch,Low_Frequency_Lines,Extremely_Loud,1400Ripples,Air_Compressor,Blip,Chirp,Helix,Koi_Fish,0.78,0.16,0.05,0.01,0.0,0.0,0.0,0.0,0.0,0.0
11.121,8.516,5.7e-20,12.647,0.25,5.29479,5.657,Low_Frequency_Burst,Whistle,Wandering_Line,1400Ripples,Air_Compressor,Blip,Chirp,Extremely_Loud,Helix,Koi_Fish,1.0,0.0,0.0,0.0,0.0,0.0,0.0,0.0,0.0,0.0
12.741,23.893,6.24e-20,3404.973,4.5,6794.723145,22.627,Low_Frequency_Burst,Low_Frequency_Lines,Wandering_Line,1400Ripples,Air_Compressor,Blip,Chirp,Extremely_Loud,Helix,Koi_Fish,0.99,0.01,0.0,0.0,0.0,0.0,0.0,0.0,0.0,0.0
10.609000000000002,22.713,2.94e-19,2375.556,3.5,4731.112793,11.314,Low_Frequency_Burst,Whistle,Wandering_Line,1400Ripples,Air_Compressor,Blip,Chirp,Extremely_Loud,Helix,Koi_Fish,1.0,0.0,0.0,0.0,0.0,0.0,0.0,0.0,0.0,0.0
11.94,8.236,1.1300000000000002e-19,3980.241,3.646,7940.48291,22.627,Low_Frequency_Burst,Low_Frequency_Lines,No_Glitch,1400Ripples,Air_Compressor,Blip,Chirp,Extremely_Loud,Helix,Koi_Fish,0.98,0.01,0.01,0.0,0.0,0.0,0.0,0.0,0.0,0.0
11.121,9.49,6.34e-20,12.647,0.375,5.29479,5.657,Low_Frequency_Burst,Whistle,Wandering_Line,1400Ripples,Air_Compressor,Blip,Chirp,Extremely_Loud,Helix,Koi_Fish,1.0,0.0,0.0,0.0,0.0,0.0,0.0,0.0,0.0,0.0
217.741,11.432,4.2299999999999997e-23,384.11,0.125,632.8651120000002,5.657,Blip,Repeating_Blips,Whistle,Low_Frequency_Burst,1400Ripples,Air_Compressor,Chirp,Extremely_Loud,Helix,Koi_Fish,0.99,0.01,0.0,0.0,0.0,0.0,0.0,0.0,0.0,0.0
89.676,10.749,3.97e-23,3061.4970000000008,0.25,6078.503418,5.657,Blip,Extremely_Loud,Tomte,Whistle,No_Glitch,Repeating_Blips,Light_Modulation,1400Ripples,Air_Compressor,Chirp,0.79,0.08,0.05,0.03,0.03,0.02,0.0,0.0,0.0,0.0
75.263,36.442,1.63e-22,3728.537,1.091,7426.483398,5.657,Koi_Fish,Tomte,Blip,Repeating_Blips,Whistle,Low_Frequency_Burst,1400Ripples,Air_Compressor,Chirp,Extremely_Loud,0.72,0.2,0.05,0.03,0.0,0.0,0.0,0.0,0.0,0.0
509.36300000000006,46.63,1.85e-22,2644.462,0.25,5217.366211,5.657,Blip,Koi_Fish,Whistle,Wandering_Line,1400Ripples,Air_Compressor,Chirp,Extremely_Loud,Helix,Light_Modulation,0.99,0.01,0.0,0.0,0.0,0.0,0.0,0.0,0.0,0.0
115.113,13.664,5.660000000000001e-23,553.622,0.125,1035.686157,5.657,Blip,Repeating_Blips,Whistle,Low_Frequency_Burst,1400Ripples,Air_Compressor,Chirp,Extremely_Loud,Helix,Koi_Fish,0.98,0.02,0.0,0.0,0.0,0.0,0.0,0.0,0.0,0.0
49.208,9.345,6.02e-23,3492.43,0.111,6938.074706999999,5.657,Blip,Tomte,Whistle,None_of_the_Above,Low_Frequency_Burst,1400Ripples,Air_Compressor,Chirp,Extremely_Loud,Helix,0.93,0.05,0.01,0.01,0.0,0.0,0.0,0.0,0.0,0.0
49.208,8.797,5.640000000000001e-23,56.43,0.156,54.999088,5.657,Blip,Tomte,Whistle,Low_Frequency_Burst,1400Ripples,Air_Compressor,Chirp,Extremely_Loud,Helix,Koi_Fish,0.99,0.01,0.0,0.0,0.0,0.0,0.0,0.0,0.0,0.0
217.741,52.40600000000001,1.98e-22,1612.822,0.5,3167.782959,5.657,Blip,Whistle,Wandering_Line,1400Ripples,Air_Compressor,Chirp,Extremely_Loud,Helix,Koi_Fish,Light_Modulation,1.0,0.0,0.0,0.0,0.0,0.0,0.0,0.0,0.0,0.0
217.741,26.585,8.61e-23,3982.889,1.11,7935.187988,5.657,Koi_Fish,Blip,Repeating_Blips,Whistle,Extremely_Loud,Low_Frequency_Burst,1400Ripples,Air_Compressor,Chirp,Helix,0.62,0.24,0.1,0.03,0.01,0.0,0.0,0.0,0.0,0.0
39.789,8.597999999999999,6.700000000000001e-23,53.54600000000001,0.188,60.305382,5.657,Blip,None_of_the_Above,Tomte,Scattered_Light,Whistle,Light_Modulation,1400Ripples,Air_Compressor,Chirp,Extremely_Loud,0.64,0.34,0.01,0.01,0.0,0.0,0.0,0.0,0.0,0.0
217.741,44.17100000000001,1.66e-22,2641.038,0.563,5224.214844,5.657,Repeating_Blips,Blip,Koi_Fish,Whistle,Low_Frequency_Burst,1400Ripples,Air_Compressor,Chirp,Extremely_Loud,Helix,0.9,0.09,0.01,0.0,0.0,0.0,0.0,0.0,0.0,0.0
93.079,14.435,6.26e-23,162.60399999999996,0.438,273.724945,5.657,Blip,Repeating_Blips,Chirp,Tomte,No_Glitch,Whistle,Light_Modulation,1400Ripples,Air_Compressor,Extremely_Loud,0.76,0.19,0.03,0.01,0.01,0.0,0.0,0.0,0.0,0.0
58.396,11.82,8.11e-23,194.541,0.625,333.94989,5.657,Repeating_Blips,Blip,Koi_Fish,Helix,Tomte,None_of_the_Above,Violin_Mode,Whistle,Light_Modulation,1400Ripples,0.68,0.09,0.08,0.07,0.05,0.02,0.01,0.0,0.0,0.0
39.789,8.36,9.36e-23,39.058,0.125,31.33045,5.657,Repeating_Blips,None_of_the_Above,Whistle,Low_Frequency_Burst,1400Ripples,Air_Compressor,Blip,Chirp,Extremely_Loud,Helix,0.81,0.19,0.0,0.0,0.0,0.0,0.0,0.0,0.0,0.0
63.39,8.506,5.2e-23,100.575,0.35200000000000004,115.486771,5.657,Blip,Scratchy,No_Glitch,Tomte,Repeating_Blips,Power_Line,Scattered_Light,Whistle,Koi_Fish,1400Ripples,0.52,0.15,0.14,0.1,0.05,0.03,0.01,0.0,0.0,0.0
211.477,11.337,4.2e-23,1786.14,0.064,3411.166016,5.657,Blip,No_Glitch,Whistle,Repeating_Blips,Low_Frequency_Burst,1400Ripples,Air_Compressor,Chirp,Extremely_Loud,Helix,0.95,0.03,0.01,0.01,0.0,0.0,0.0,0.0,0.0,0.0
333.03,7.621,3e-23,317.065,0.115,498.774109,5.657,Blip,Repeating_Blips,Scratchy,Whistle,Low_Frequency_Burst,1400Ripples,Air_Compressor,Chirp,Extremely_Loud,Helix,0.84,0.15,0.01,0.0,0.0,0.0,0.0,0.0,0.0,0.0
217.741,11.754,3.85e-23,1031.249,0.25,1990.938965,5.657,Blip,Repeating_Blips,No_Glitch,Whistle,Low_Frequency_Burst,1400Ripples,Air_Compressor,Chirp,Extremely_Loud,Helix,0.9,0.07,0.02,0.01,0.0,0.0,0.0,0.0,0.0,0.0
115.113,20.202,8.549999999999998e-23,3139.188,1.25,6231.590332,5.657,Koi_Fish,Repeating_Blips,Blip,No_Glitch,Tomte,Scattered_Light,Whistle,Light_Modulation,1400Ripples,Air_Compressor,0.46,0.25,0.21,0.04,0.02,0.02,0.0,0.0,0.0,0.0
75.263,22.703000000000007,1.1400000000000002e-22,2636.031,1.0,5234.22998,5.657,Koi_Fish,Repeating_Blips,Tomte,Blip,No_Glitch,Whistle,Light_Modulation,1400Ripples,Air_Compressor,Chirp,0.49,0.39,0.08,0.02,0.02,0.0,0.0,0.0,0.0,0.0
985.964,7.885,6.41e-23,2969.653,0.396,5593.6870119999985,22.627,Whistle,No_Glitch,Low_Frequency_Burst,1400Ripples,Air_Compressor,Blip,Chirp,Extremely_Loud,Helix,Koi_Fish,0.99,0.01,0.0,0.0,0.0,0.0,0.0,0.0,0.0,0.0
287.344,118.105,4.67e-22,3986.938,5.607,7927.089844,45.255,Whistle,Extremely_Loud,Scattered_Light,Scratchy,Wandering_Line,Koi_Fish,Blip,Violin_Mode,No_Glitch,1400Ripples,0.5,0.16,0.1,0.08,0.08,0.04,0.02,0.01,0.01,0.0
851.485,12.996,7.2e-23,921.833,0.172,806.5411379999998,45.255,Whistle,Violin_Mode,1400Ripples,No_Glitch,Blip,Low_Frequency_Burst,Air_Compressor,Chirp,Extremely_Loud,Helix,0.79,0.16,0.02,0.02,0.01,0.0,0.0,0.0,0.0,0.0
716.195,9.971,4.68e-23,4036.002,3.2030000000000003,7828.960448999998,45.255,Whistle,1080Lines,Wandering_Line,No_Glitch,Violin_Mode,Light_Modulation,1400Ripples,Air_Compressor,Blip,Chirp,0.81,0.08,0.07,0.04,0.0,0.0,0.0,0.0,0.0,0.0
565.384,12.053,5.2e-23,3984.411,5.5520000000000005,7932.144043000001,45.255,Wandering_Line,Whistle,Extremely_Loud,Scattered_Light,Power_Line,1400Ripples,None_of_the_Above,1080Lines,Scratchy,Paired_Doves,0.73,0.1,0.1,0.02,0.01,0.01,0.01,0.01,0.01,0.0
825.3610000000001,9.287,4.91e-23,3984.217,2.548,7932.532227,45.255,Whistle,Wandering_Line,1400Ripples,Power_Line,Violin_Mode,Scattered_Light,Extremely_Loud,Koi_Fish,1080Lines,Scratchy,0.78,0.07,0.04,0.03,0.02,0.02,0.01,0.01,0.01,0.01
581.656,7.7570000000000014,3.19e-23,3659.899,0.508,6503.84668,45.255,Wandering_Line,Whistle,1400Ripples,Air_Compressor,Blip,Chirp,Extremely_Loud,Helix,Koi_Fish,Light_Modulation,0.73,0.27,0.0,0.0,0.0,0.0,0.0,0.0,0.0,0.0
1251.338,10.285,7.209999999999998e-23,3884.268,5.5,7726.960937999998,45.255,Wandering_Line,Whistle,Scattered_Light,1080Lines,No_Glitch,Scratchy,Extremely_Loud,Light_Modulation,Power_Line,Paired_Doves,0.71,0.14,0.04,0.04,0.03,0.01,0.01,0.01,0.01,0.0
969.33,9.865,5.91e-23,3719.13,2.437,7165.202637,45.255,Whistle,Wandering_Line,Scattered_Light,Scratchy,No_Glitch,Light_Modulation,1400Ripples,Air_Compressor,Blip,Chirp,0.8,0.16,0.02,0.01,0.01,0.0,0.0,0.0,0.0,0.0
1327.3629999999996,12.181,2.03e-22,2555.735,2.353,4370.756836,45.255,Whistle,No_Glitch,Wandering_Line,1400Ripples,Scattered_Light,Light_Modulation,Air_Compressor,Blip,Chirp,Extremely_Loud,0.87,0.09,0.02,0.01,0.01,0.0,0.0,0.0,0.0,0.0
1198.978,11.945,7.690000000000001e-23,1363.63,0.023,1326.175415,11.314,1400Ripples,No_Glitch,Whistle,Low_Frequency_Burst,Air_Compressor,Blip,Chirp,Extremely_Loud,Helix,Koi_Fish,0.84,0.13,0.03,0.0,0.0,0.0,0.0,0.0,0.0,0.0
31.386,8.257,1.3599999999999998e-22,32.288000000000004,0.188,20.087,11.314,None_of_the_Above,Whistle,Low_Frequency_Burst,1400Ripples,Air_Compressor,Blip,Chirp,Extremely_Loud,Helix,Koi_Fish,1.0,0.0,0.0,0.0,0.0,0.0,0.0,0.0,0.0,0.0
30.734,9.047,1.69e-22,3885.31,1.4269999999999998,7724.876465,11.314,Scattered_Light,None_of_the_Above,Violin_Mode,Low_Frequency_Burst,Whistle,Light_Modulation,1400Ripples,Air_Compressor,Blip,Chirp,0.68,0.3,0.01,0.01,0.0,0.0,0.0,0.0,0.0,0.0
1473.621,14.002,1.0499999999999999e-22,1900.183,0.023,2399.279785,5.657,1400Ripples,No_Glitch,Violin_Mode,None_of_the_Above,Whistle,Light_Modulation,Air_Compressor,Blip,Chirp,Extremely_Loud,0.56,0.42,0.01,0.01,0.0,0.0,0.0,0.0,0.0,0.0
1050.42,8.646,5.34e-23,1169.663,0.008,938.240845,11.314,No_Glitch,Whistle,Low_Frequency_Burst,1400Ripples,Air_Compressor,Blip,Chirp,Extremely_Loud,Helix,Koi_Fish,0.84,0.16,0.0,0.0,0.0,0.0,0.0,0.0,0.0,0.0
1198.978,16.673,1.0499999999999999e-22,1900.183,0.031,2399.279785,11.314,Whistle,1400Ripples,Violin_Mode,Low_Frequency_Burst,Air_Compressor,Blip,Chirp,Extremely_Loud,Helix,Koi_Fish,0.77,0.16,0.07,0.0,0.0,0.0,0.0,0.0,0.0,0.0
28.43,8.641,1.38e-22,2636.031,1.406,5234.22998,11.314,Scattered_Light,None_of_the_Above,Violin_Mode,Whistle,Light_Modulation,1400Ripples,Air_Compressor,Blip,Chirp,Extremely_Loud,0.93,0.05,0.02,0.0,0.0,0.0,0.0,0.0,0.0,0.0
1198.978,16.578,1.04e-22,4184.071,0.278,7235.238281,5.657,1400Ripples,Violin_Mode,Whistle,No_Glitch,Blip,Extremely_Loud,Low_Frequency_Burst,Air_Compressor,Chirp,Helix,0.42,0.19,0.18,0.14,0.06,0.01,0.0,0.0,0.0,0.0
34.59,8.729,9.51e-23,63.452,0.875,80.118561,5.657,Tomte,None_of_the_Above,Blip,Scattered_Light,No_Glitch,Low_Frequency_Burst,Whistle,Koi_Fish,1400Ripples,Air_Compressor,0.41,0.38,0.12,0.07,0.01,0.01,0.0,0.0,0.0,0.0
24.763,40.177,8.919999999999997e-22,3941.578,3.039,7868.128906,5.657,Koi_Fish,Scattered_Light,Extremely_Loud,Light_Modulation,None_of_the_Above,No_Glitch,Repeating_Blips,Tomte,Low_Frequency_Burst,Helix,0.4,0.12,0.09,0.09,0.07,0.07,0.06,0.04,0.02,0.02
39.789,8.427999999999999,6.35e-23,3803.55,0.392,7560.313477,5.657,None_of_the_Above,Blip,Tomte,Scattered_Light,Whistle,Light_Modulation,1400Ripples,Air_Compressor,Chirp,Extremely_Loud,0.66,0.27,0.06,0.01,0.0,0.0,0.0,0.0,0.0,0.0
24.264,7.568,2.14e-22,3883.332,0.594,7728.83252,11.314,None_of_the_Above,Scattered_Light,Koi_Fish,Low_Frequency_Lines,Low_Frequency_Burst,1400Ripples,Air_Compressor,Blip,Chirp,Extremely_Loud,0.56,0.4,0.02,0.01,0.01,0.0,0.0,0.0,0.0,0.0
31.386,8.578,1.33e-22,3948.944,1.22,7853.397461,11.314,None_of_the_Above,Scattered_Light,Paired_Doves,Whistle,Light_Modulation,1400Ripples,Air_Compressor,Blip,Chirp,Extremely_Loud,0.71,0.28,0.01,0.0,0.0,0.0,0.0,0.0,0.0,0.0
23.511,7.921,2.25e-22,3148.547,0.313,6259.262695,11.314,None_of_the_Above,Scattered_Light,No_Glitch,Helix,Low_Frequency_Burst,Paired_Doves,Whistle,Koi_Fish,1400Ripples,Air_Compressor,0.8,0.11,0.03,0.03,0.02,0.01,0.0,0.0,0.0,0.0
39.789,8.329,6.67e-23,2675.389,0.578,5303.992676,5.657,None_of_the_Above,Tomte,Blip,Violin_Mode,Scattered_Light,No_Glitch,Whistle,Koi_Fish,1400Ripples,Air_Compressor,0.73,0.17,0.05,0.03,0.01,0.01,0.0,0.0,0.0,0.0
32.173,8.218,8.63e-23,43.297,0.125,48.762321,5.657,None_of_the_Above,Whistle,Low_Frequency_Burst,1400Ripples,Air_Compressor,Blip,Chirp,Extremely_Loud,Helix,Koi_Fish,1.0,0.0,0.0,0.0,0.0,0.0,0.0,0.0,0.0,0.0
36.625,9.112,9.64e-23,3986.938,0.5,7927.089844,11.314,None_of_the_Above,Scattered_Light,Whistle,Low_Frequency_Burst,1400Ripples,Air_Compressor,Blip,Chirp,Extremely_Loud,Helix,0.93,0.07,0.0,0.0,0.0,0.0,0.0,0.0,0.0,0.0
27.9,7.691,1.83e-22,2708.585,0.217,5372.680664,11.314,None_of_the_Above,Scattered_Light,Whistle,Low_Frequency_Burst,1400Ripples,Air_Compressor,Blip,Chirp,Extremely_Loud,Helix,0.99,0.01,0.0,0.0,0.0,0.0,0.0,0.0,0.0,0.0
28.43,8.517999999999999,1.49e-22,33.56,0.5,21.37705,11.314,None_of_the_Above,Scattered_Light,No_Glitch,Whistle,Light_Modulation,1400Ripples,Air_Compressor,Blip,Chirp,Extremely_Loud,0.94,0.05,0.01,0.0,0.0,0.0,0.0,0.0,0.0,0.0
30.734,7.648,1.17e-22,31.582,0.188,25.333481,11.314,None_of_the_Above,Scattered_Light,Whistle,Low_Frequency_Burst,1400Ripples,Air_Compressor,Blip,Chirp,Extremely_Loud,Helix,0.99,0.01,0.0,0.0,0.0,0.0,0.0,0.0,0.0,0.0
45.981,7.599,5.17e-23,3906.758,3.0,7789.865234000001,45.255,Air_Compressor,Scattered_Light,No_Glitch,Whistle,Low_Frequency_Burst,1400Ripples,Blip,Chirp,Extremely_Loud,Helix,0.68,0.19,0.13,0.0,0.0,0.0,0.0,0.0,0.0,0.0
45.301,7.621,4.47e-23,3751.475,1.188,7450.338867,11.314,Scattered_Light,None_of_the_Above,No_Glitch,Air_Compressor,Whistle,Light_Modulation,1400Ripples,Blip,Chirp,Extremely_Loud,0.52,0.29,0.11,0.08,0.0,0.0,0.0,0.0,0.0,0.0
53.554,10.552,8.159999999999998e-23,3955.757,1.156,7839.956055,22.627,Air_Compressor,Scattered_Light,No_Glitch,Whistle,Low_Frequency_Burst,1400Ripples,Blip,Chirp,Extremely_Loud,Helix,0.82,0.17,0.01,0.0,0.0,0.0,0.0,0.0,0.0,0.0
41.57,7.74,7.65e-23,2778.165,0.5820000000000001,5485.362793,22.627,Air_Compressor,Scattered_Light,None_of_the_Above,No_Glitch,Power_Line,Paired_Doves,Extremely_Loud,Whistle,Koi_Fish,1400Ripples,0.59,0.26,0.09,0.03,0.01,0.01,0.01,0.0,0.0,0.0
44.288,7.54,8.259999999999997e-23,45.25100000000001,0.875,18.944321,11.314,Scattered_Light,Air_Compressor,None_of_the_Above,Paired_Doves,No_Glitch,Whistle,Light_Modulation,1400Ripples,Blip,Chirp,0.6,0.24,0.14,0.01,0.01,0.0,0.0,0.0,0.0,0.0
47.183,9.339,7.95e-23,51.728,0.875,31.89852,22.627,Air_Compressor,Scattered_Light,None_of_the_Above,No_Glitch,Whistle,Light_Modulation,1400Ripples,Blip,Chirp,Extremely_Loud,0.77,0.17,0.04,0.02,0.0,0.0,0.0,0.0,0.0,0.0
41.57,8.106,8.7e-23,3991.544,0.8809999999999999,7917.877441,22.627,Scattered_Light,Air_Compressor,Paired_Doves,None_of_the_Above,No_Glitch,Power_Line,Whistle,Koi_Fish,1400Ripples,Blip,0.62,0.19,0.07,0.07,0.04,0.01,0.0,0.0,0.0,0.0
51.011,7.575,4.35e-23,50.495,0.5,9.56392,22.627,Air_Compressor,No_Glitch,Scattered_Light,None_of_the_Above,Power_Line,Paired_Doves,Whistle,Koi_Fish,1400Ripples,Blip,0.79,0.13,0.04,0.02,0.01,0.01,0.0,0.0,0.0,0.0
44.288,8.129,6.03e-23,45.25100000000001,0.625,18.944321,22.627,Air_Compressor,Scattered_Light,Paired_Doves,None_of_the_Above,Power_Line,Whistle,Light_Modulation,1400Ripples,Blip,Chirp,0.67,0.24,0.06,0.02,0.01,0.0,0.0,0.0,0.0,0.0
50.233,7.731,5.68e-23,40.025,0.5,34.307109999999994,22.627,Air_Compressor,Scattered_Light,Paired_Doves,None_of_the_Above,Power_Line,Whistle,Light_Modulation,1400Ripples,Blip,Chirp,0.75,0.13,0.05,0.05,0.02,0.0,0.0,0.0,0.0,0.0
49.208,16.438,9.6e-23,2785.797,0.393,5533.762695,5.657,Tomte,None_of_the_Above,Whistle,Low_Frequency_Burst,1400Ripples,Air_Compressor,Blip,Chirp,Extremely_Loud,Helix,0.99,0.01,0.0,0.0,0.0,0.0,0.0,0.0,0.0,0.0
39.789,16.339000000000002,1.41e-22,73.465,0.5,109.099602,5.657,Tomte,Whistle,Low_Frequency_Burst,1400Ripples,Air_Compressor,Blip,Chirp,Extremely_Loud,Helix,Koi_Fish,1.0,0.0,0.0,0.0,0.0,0.0,0.0,0.0,0.0,0.0
39.789,7.512,5.74e-23,3006.031,0.155,5974.231934,5.657,None_of_the_Above,Blip,Tomte,Whistle,Low_Frequency_Burst,1400Ripples,Air_Compressor,Chirp,Extremely_Loud,Helix,0.52,0.33,0.15,0.0,0.0,0.0,0.0,0.0,0.0,0.0
39.789,28.47,2.26e-22,86.807,1.25,143.024033,5.657,Tomte,Whistle,Low_Frequency_Burst,1400Ripples,Air_Compressor,Blip,Chirp,Extremely_Loud,Helix,Koi_Fish,1.0,0.0,0.0,0.0,0.0,0.0,0.0,0.0,0.0,0.0
142.363,9.908,3.27e-23,238.042,0.151,439.970245,5.657,Blip,Repeating_Blips,Whistle,Low_Frequency_Burst,1400Ripples,Air_Compressor,Chirp,Extremely_Loud,Helix,Koi_Fish,0.98,0.02,0.0,0.0,0.0,0.0,0.0,0.0,0.0,0.0
49.208,19.177,1.19e-22,73.465,0.875,109.099602,5.657,Tomte,Whistle,Low_Frequency_Burst,1400Ripples,Air_Compressor,Blip,Chirp,Extremely_Loud,Helix,Koi_Fish,1.0,0.0,0.0,0.0,0.0,0.0,0.0,0.0,0.0,0.0
39.789,10.264,8.15e-23,1152.638,0.25,2264.631104,5.657,Tomte,None_of_the_Above,Blip,Repeating_Blips,Whistle,Light_Modulation,1400Ripples,Air_Compressor,Chirp,Extremely_Loud,0.8,0.12,0.07,0.01,0.0,0.0,0.0,0.0,0.0,0.0
39.789,38.078,3e-22,86.807,1.25,143.024033,5.657,Tomte,Whistle,Low_Frequency_Burst,1400Ripples,Air_Compressor,Blip,Chirp,Extremely_Loud,Helix,Koi_Fish,1.0,0.0,0.0,0.0,0.0,0.0,0.0,0.0,0.0,0.0
49.208,10.264,6.6e-23,3816.831,0.551,7587.91748,5.657,Tomte,Blip,None_of_the_Above,Whistle,Low_Frequency_Burst,1400Ripples,Air_Compressor,Chirp,Extremely_Loud,Helix,0.82,0.16,0.02,0.0,0.0,0.0,0.0,0.0,0.0,0.0
39.789,26.78,2.16e-22,3658.9,1.594,7287.211426000002,5.657,Tomte,Koi_Fish,Scattered_Light,Whistle,Low_Frequency_Burst,1400Ripples,Air_Compressor,Blip,Chirp,Extremely_Loud,0.71,0.28,0.01,0.0,0.0,0.0,0.0,0.0,0.0,0.0
1709.217,8.269,7.269999999999998e-23,1788.975,0.012,1435.019531,5.657,No_Glitch,1400Ripples,Whistle,Low_Frequency_Burst,Air_Compressor,Blip,Chirp,Extremely_Loud,Helix,Koi_Fish,0.99,0.01,0.0,0.0,0.0,0.0,0.0,0.0,0.0,0.0
89.064,7.508999999999999,4.9700000000000007e-23,131.918,0.563,92.829247,11.314,No_Glitch,Scratchy,1400Ripples,Blip,Power_Line,Whistle,Light_Modulation,Air_Compressor,Chirp,Extremely_Loud,0.85,0.12,0.01,0.01,0.01,0.0,0.0,0.0,0.0,0.0
115.113,595.285,2.22e-21,3981.425,2.75,7938.115723000001,22.627,No_Glitch,Extremely_Loud,Whistle,Low_Frequency_Burst,1400Ripples,Air_Compressor,Blip,Chirp,Helix,Koi_Fish,0.97,0.03,0.0,0.0,0.0,0.0,0.0,0.0,0.0,0.0
11.121,7.5139999999999985,2.9799999999999998e-21,3905.845,0.649,7791.69043,22.627,No_Glitch,Low_Frequency_Burst,Scattered_Light,Air_Compressor,Whistle,1400Ripples,Blip,Chirp,Extremely_Loud,Helix,0.94,0.03,0.02,0.01,0.0,0.0,0.0,0.0,0.0,0.0
1270.186,9.366,6.46e-23,1446.547,0.012,1160.342163,11.314,1400Ripples,No_Glitch,Whistle,Low_Frequency_Burst,Air_Compressor,Blip,Chirp,Extremely_Loud,Helix,Koi_Fish,0.77,0.23,0.0,0.0,0.0,0.0,0.0,0.0,0.0,0.0
11.121,8.381,2.94e-21,11.184,0.281,2.36721,22.627,No_Glitch,Whistle,Low_Frequency_Burst,1400Ripples,Air_Compressor,Blip,Chirp,Extremely_Loud,Helix,Koi_Fish,1.0,0.0,0.0,0.0,0.0,0.0,0.0,0.0,0.0,0.0
87.398,18.743,9.829999999999999e-23,3226.306,7.5310000000000015,6317.257324,5.657,No_Glitch,Scratchy,Repeating_Blips,Koi_Fish,Whistle,Light_Modulation,1400Ripples,Air_Compressor,Blip,Chirp,0.97,0.01,0.01,0.01,0.0,0.0,0.0,0.0,0.0,0.0
963.479,8.891,4.77e-23,3754.728,0.183,7374.100586,5.657,Whistle,No_Glitch,Blip,Low_Frequency_Burst,1400Ripples,Air_Compressor,Chirp,Extremely_Loud,Helix,Koi_Fish,0.73,0.22,0.05,0.0,0.0,0.0,0.0,0.0,0.0,0.0
1065.326,8.734,5.2099999999999994e-23,3866.138,0.18,6331.189941,11.314,No_Glitch,Whistle,Low_Frequency_Burst,1400Ripples,Air_Compressor,Blip,Chirp,Extremely_Loud,Helix,Koi_Fish,0.83,0.17,0.0,0.0,0.0,0.0,0.0,0.0,0.0,0.0
60.785,9.377,5.33e-23,3776.854,0.688,7471.10791,11.314,No_Glitch,Power_Line,Air_Compressor,Scattered_Light,Blip,Extremely_Loud,Koi_Fish,Whistle,Light_Modulation,1400Ripples,0.66,0.16,0.08,0.07,0.01,0.01,0.01,0.0,0.0,0.0
10.874,9.14,6.71e-20,12.647,2.5,5.29479,45.255,Low_Frequency_Lines,Wandering_Line,1400Ripples,Air_Compressor,Blip,Chirp,Extremely_Loud,Helix,Koi_Fish,Light_Modulation,1.0,0.0,0.0,0.0,0.0,0.0,0.0,0.0,0.0,0.0
25.507,7.693,1.95e-22,3984.699,1.696,7931.567383,45.255,Scattered_Light,Whistle,Low_Frequency_Burst,1400Ripples,Air_Compressor,Blip,Chirp,Extremely_Loud,Helix,Koi_Fish,1.0,0.0,0.0,0.0,0.0,0.0,0.0,0.0,0.0,0.0
12.055,10.574000000000002,2.9599999999999996e-20,1009.037,1.5,2002.85083,22.627,Low_Frequency_Lines,Low_Frequency_Burst,Wandering_Line,1400Ripples,Air_Compressor,Blip,Chirp,Extremely_Loud,Helix,Koi_Fish,0.74,0.26,0.0,0.0,0.0,0.0,0.0,0.0,0.0,0.0
13.184,7.626,2.52e-20,3811.441,2.592,7598.697265999999,45.255,Low_Frequency_Lines,Scattered_Light,Low_Frequency_Burst,1400Ripples,Air_Compressor,Blip,Chirp,Extremely_Loud,Helix,Koi_Fish,0.97,0.02,0.01,0.0,0.0,0.0,0.0,0.0,0.0,0.0
11.245,57.93600000000001,4.0100000000000007e-19,3878.874,5.0,7737.748047,22.627,Low_Frequency_Burst,Extremely_Loud,Low_Frequency_Lines,No_Glitch,1400Ripples,Air_Compressor,Blip,Chirp,Helix,Koi_Fish,0.84,0.09,0.06,0.01,0.0,0.0,0.0,0.0,0.0,0.0
19.063,8.783,8.65e-22,3907.996,1.505,7787.020995999998,22.627,Scattered_Light,Low_Frequency_Lines,Low_Frequency_Burst,No_Glitch,1400Ripples,Air_Compressor,Blip,Chirp,Extremely_Loud,Helix,0.48,0.44,0.07,0.01,0.0,0.0,0.0,0.0,0.0,0.0
10.996,8.291,4.8099999999999996e-20,12.647,1.0,5.29479,22.627,Low_Frequency_Lines,Low_Frequency_Burst,No_Glitch,1400Ripples,Air_Compressor,Blip,Chirp,Extremely_Loud,Helix,Koi_Fish,0.7,0.28,0.02,0.0,0.0,0.0,0.0,0.0,0.0,0.0
11.148,9.654,9.5e-20,3980.241,4.5,7940.48291,45.255,Low_Frequency_Lines,Wandering_Line,1400Ripples,Air_Compressor,Blip,Chirp,Extremely_Loud,Helix,Koi_Fish,Light_Modulation,1.0,0.0,0.0,0.0,0.0,0.0,0.0,0.0,0.0,0.0
11.319,10.577,4.1e-20,11.107,1.5,6.9904,22.627,Low_Frequency_Lines,Low_Frequency_Burst,No_Glitch,1400Ripples,Air_Compressor,Blip,Chirp,Extremely_Loud,Helix,Koi_Fish,0.68,0.3,0.02,0.0,0.0,0.0,0.0,0.0,0.0,0.0
10.646,7.862999999999999,6.58e-20,3830.693,7.0,7649.257323999998,45.255,Low_Frequency_Lines,No_Glitch,Low_Frequency_Burst,1400Ripples,Air_Compressor,Blip,Chirp,Extremely_Loud,Helix,Koi_Fish,0.99,0.01,0.0,0.0,0.0,0.0,0.0,0.0,0.0,0.0
49.208,9.683,5.79e-23,3982.889,1.125,7935.187988,5.657,Tomte,Blip,Helix,Repeating_Blips,None_of_the_Above,Low_Frequency_Burst,Whistle,Light_Modulation,1400Ripples,Air_Compressor,0.69,0.26,0.02,0.01,0.01,0.01,0.0,0.0,0.0,0.0
509.36300000000006,11.526,4.35e-23,1264.939,0.16399999999999998,2483.091797,5.657,Blip,Repeating_Blips,Whistle,No_Glitch,Violin_Mode,Light_Modulation,1400Ripples,Air_Compressor,Chirp,Extremely_Loud,0.88,0.07,0.02,0.02,0.01,0.0,0.0,0.0,0.0,0.0
115.113,10.244000000000002,4.0999999999999997e-23,418.522,0.129,748.545837,5.657,Chirp,Blip,Whistle,Wandering_Line,1400Ripples,Air_Compressor,Extremely_Loud,Helix,Koi_Fish,Light_Modulation,0.95,0.05,0.0,0.0,0.0,0.0,0.0,0.0,0.0,0.0
35.163000000000004,9.756,1.23e-22,49.43899999999999,0.5,36.352859,5.657,None_of_the_Above,No_Glitch,Tomte,Blip,Scattered_Light,Whistle,Light_Modulation,1400Ripples,Air_Compressor,Chirp,0.66,0.18,0.11,0.03,0.02,0.0,0.0,0.0,0.0,0.0
115.113,10.244000000000002,4.0999999999999997e-23,418.522,0.129,748.545837,5.657,Chirp,Blip,Whistle,Wandering_Line,1400Ripples,Air_Compressor,Extremely_Loud,Helix,Koi_Fish,Light_Modulation,0.95,0.05,0.0,0.0,0.0,0.0,0.0,0.0,0.0,0.0
37.602,9.375,1.0899999999999999e-22,547.122,0.289,1048.6872560000004,5.657,None_of_the_Above,Tomte,Blip,No_Glitch,Scattered_Light,Koi_Fish,Whistle,Light_Modulation,1400Ripples,Air_Compressor,0.48,0.38,0.1,0.02,0.01,0.01,0.0,0.0,0.0,0.0
75.263,7.776,4.01e-23,92.03,0.188,132.57759099999998,5.657,Blip,Repeating_Blips,Scratchy,Tomte,Whistle,Light_Modulation,1400Ripples,Air_Compressor,Chirp,Extremely_Loud,0.71,0.19,0.07,0.03,0.0,0.0,0.0,0.0,0.0,0.0
93.079,9.365,3.44e-23,3997.366,0.485,7906.233887,5.657,Chirp,Blip,Repeating_Blips,Whistle,Low_Frequency_Burst,1400Ripples,Air_Compressor,Extremely_Loud,Helix,Koi_Fish,0.68,0.31,0.01,0.0,0.0,0.0,0.0,0.0,0.0,0.0
75.263,19.994,1.1e-22,161.43,0.625,276.07312,5.657,Blip,Koi_Fish,Repeating_Blips,Tomte,Whistle,Low_Frequency_Burst,1400Ripples,Air_Compressor,Chirp,Extremely_Loud,0.63,0.18,0.1,0.09,0.0,0.0,0.0,0.0,0.0,0.0
75.263,7.776,4.01e-23,92.03,0.188,132.57759099999998,5.657,Blip,Repeating_Blips,Scratchy,Tomte,Whistle,Light_Modulation,1400Ripples,Air_Compressor,Chirp,Extremely_Loud,0.71,0.19,0.07,0.03,0.0,0.0,0.0,0.0,0.0,0.0
60.857,19.314,9.679999999999999e-23,3410.625,0.921,6783.419434,5.657,Tomte,Blip,Repeating_Blips,Koi_Fish,No_Glitch,Whistle,Light_Modulation,1400Ripples,Air_Compressor,Chirp,0.37,0.33,0.14,0.11,0.05,0.0,0.0,0.0,0.0,0.0
32.173,11.957,1.55e-22,3982.889,2.072,7935.187988,5.657,None_of_the_Above,Scattered_Light,Tomte,Koi_Fish,Blip,No_Glitch,Light_Modulation,Whistle,1400Ripples,Air_Compressor,0.58,0.19,0.15,0.03,0.02,0.02,0.01,0.0,0.0,0.0
26.015,24.602,4.09e-22,3908.493,1.5,7786.395508,5.657,None_of_the_Above,Koi_Fish,Tomte,Helix,Violin_Mode,Whistle,Light_Modulation,1400Ripples,Air_Compressor,Blip,0.5,0.33,0.13,0.03,0.01,0.0,0.0,0.0,0.0,0.0
26.685,7.552,1.6399999999999999e-22,359.7290000000001,1.0,681.627441,5.657,None_of_the_Above,Scattered_Light,No_Glitch,Violin_Mode,Tomte,Koi_Fish,Repeating_Blips,Whistle,1400Ripples,Air_Compressor,0.61,0.19,0.12,0.04,0.02,0.01,0.01,0.0,0.0,0.0
39.789,78.813,5.9499999999999995e-22,3407.351,2.75,6789.967773,5.657,Koi_Fish,Extremely_Loud,Scattered_Light,Tomte,Whistle,Low_Frequency_Burst,1400Ripples,Air_Compressor,Blip,Chirp,0.78,0.15,0.06,0.01,0.0,0.0,0.0,0.0,0.0,0.0
39.789,30.65,3.53e-22,672.01,2.0,1306.188354,5.657,Tomte,Koi_Fish,Helix,Scattered_Light,None_of_the_Above,Violin_Mode,Repeating_Blips,Extremely_Loud,Low_Frequency_Burst,Light_Modulation,0.5,0.24,0.13,0.05,0.03,0.01,0.01,0.01,0.01,0.01
23.071,21.872,1.4599999999999999e-21,47.31,0.75,69.76619000000001,45.255,No_Glitch,Extremely_Loud,Scattered_Light,Violin_Mode,None_of_the_Above,Air_Compressor,Whistle,Light_Modulation,1400Ripples,Blip,0.36,0.29,0.27,0.05,0.02,0.01,0.0,0.0,0.0,0.0
32.173,33.852,6.33e-22,3813.042,2.658,7595.494629000002,5.657,Koi_Fish,None_of_the_Above,Tomte,Scattered_Light,Violin_Mode,Light_Modulation,Helix,Extremely_Loud,Whistle,1400Ripples,0.5,0.17,0.09,0.09,0.07,0.05,0.02,0.01,0.0,0.0
56.597,16.579,8.690000000000001e-23,86.345,0.5,133.945984,5.657,Tomte,Extremely_Loud,Scattered_Light,Blip,Whistle,Low_Frequency_Burst,1400Ripples,Air_Compressor,Chirp,Helix,0.95,0.03,0.01,0.01,0.0,0.0,0.0,0.0,0.0,0.0
44.692,45.42,3.430000000000001e-22,3241.212,1.75,6445.851563,22.627,Koi_Fish,Scattered_Light,Extremely_Loud,None_of_the_Above,Tomte,No_Glitch,Low_Frequency_Burst,Air_Compressor,Whistle,1400Ripples,0.46,0.27,0.11,0.07,0.04,0.02,0.02,0.01,0.0,0.0
1270.186,10.899,7.14e-23,1446.547,0.016,1160.342163,11.314,1400Ripples,No_Glitch,Violin_Mode,Scattered_Light,Whistle,Light_Modulation,Air_Compressor,Blip,Chirp,Extremely_Loud,0.88,0.08,0.02,0.02,0.0,0.0,0.0,0.0,0.0,0.0
1636.34,10.562,8.93e-23,1788.975,0.02,1435.019531,11.314,1400Ripples,No_Glitch,Whistle,Low_Frequency_Burst,Air_Compressor,Blip,Chirp,Extremely_Loud,Helix,Koi_Fish,0.62,0.38,0.0,0.0,0.0,0.0,0.0,0.0,0.0,0.0
1349.3970000000004,12.162,8.62e-23,4408.429,0.384,7084.106934,11.314,1400Ripples,No_Glitch,Whistle,Low_Frequency_Burst,Air_Compressor,Blip,Chirp,Extremely_Loud,Helix,Koi_Fish,0.82,0.17,0.01,0.0,0.0,0.0,0.0,0.0,0.0,0.0
1662.418,11.148,1.02e-22,1788.975,0.02,1435.019531,22.627,1400Ripples,Whistle,Wandering_Line,Air_Compressor,Blip,Chirp,Extremely_Loud,Helix,Koi_Fish,Light_Modulation,1.0,0.0,0.0,0.0,0.0,0.0,0.0,0.0,0.0,0.0
1636.34,10.723,9.19e-23,1788.975,0.02,1435.019531,22.627,1400Ripples,Whistle,Wandering_Line,Air_Compressor,Blip,Chirp,Extremely_Loud,Helix,Koi_Fish,Light_Modulation,1.0,0.0,0.0,0.0,0.0,0.0,0.0,0.0,0.0,0.0
1270.186,16.97,1.13e-22,1900.183,0.027000000000000003,2399.279785,11.314,Whistle,1400Ripples,1080Lines,No_Glitch,Tomte,Light_Modulation,Violin_Mode,Air_Compressor,Blip,Chirp,0.63,0.34,0.02,0.01,0.0,0.0,0.0,0.0,0.0,0.0
1359.461,14.885,1.0899999999999999e-22,1686.431,0.027000000000000003,1640.108887,22.627,1400Ripples,Whistle,Wandering_Line,Air_Compressor,Blip,Chirp,Extremely_Loud,Helix,Koi_Fish,Light_Modulation,0.97,0.03,0.0,0.0,0.0,0.0,0.0,0.0,0.0,0.0
1636.34,7.508999999999999,6.559999999999999e-23,3236.817,0.108,3823.427002,22.627,1400Ripples,No_Glitch,Whistle,1080Lines,Violin_Mode,Scratchy,Scattered_Light,Air_Compressor,Blip,Chirp,0.6,0.31,0.07,0.01,0.01,0.0,0.0,0.0,0.0,0.0
1349.3970000000004,9.882,7.079999999999998e-23,1686.431,0.021,1640.108887,11.314,1400Ripples,No_Glitch,Whistle,Low_Frequency_Burst,Air_Compressor,Blip,Chirp,Extremely_Loud,Helix,Koi_Fish,0.85,0.15,0.0,0.0,0.0,0.0,0.0,0.0,0.0,0.0
1270.186,11.414,7.85e-23,1446.547,0.016,1160.342163,11.314,1400Ripples,No_Glitch,Violin_Mode,Whistle,Low_Frequency_Burst,Air_Compressor,Blip,Chirp,Extremely_Loud,Helix,0.87,0.11,0.02,0.0,0.0,0.0,0.0,0.0,0.0,0.0
24.264,24.339,5.3399999999999985e-22,3745.773,1.823,7460.95752,11.314,Koi_Fish,Low_Frequency_Burst,Light_Modulation,Scattered_Light,Helix,None_of_the_Above,Extremely_Loud,Whistle,1400Ripples,Air_Compressor,0.56,0.19,0.17,0.03,0.02,0.02,0.01,0.0,0.0,0.0
32.173,25.309,3e-22,3908.493,2.059,7786.395508,5.657,Koi_Fish,None_of_the_Above,Violin_Mode,Tomte,Scattered_Light,No_Glitch,Helix,Whistle,1400Ripples,Air_Compressor,0.57,0.13,0.11,0.1,0.05,0.03,0.01,0.0,0.0,0.0
26.015,101.999,1.92e-21,3907.0290000000014,2.5,7789.323242,11.314,Extremely_Loud,Koi_Fish,Light_Modulation,Scattered_Light,None_of_the_Above,Low_Frequency_Lines,Low_Frequency_Burst,1400Ripples,Air_Compressor,Blip,0.48,0.23,0.2,0.04,0.03,0.01,0.01,0.0,0.0,0.0
30.687,71.45100000000002,9.35e-22,2959.85,2.0,5904.6728520000015,5.657,Koi_Fish,Light_Modulation,Extremely_Loud,Scattered_Light,No_Glitch,Whistle,Low_Frequency_Burst,1400Ripples,Air_Compressor,Blip,0.67,0.28,0.03,0.01,0.01,0.0,0.0,0.0,0.0,0.0
19.599,10.925,8.14e-22,3981.086,3.25,7938.793456999999,45.255,Scattered_Light,Low_Frequency_Lines,Low_Frequency_Burst,1400Ripples,Air_Compressor,Blip,Chirp,Extremely_Loud,Helix,Koi_Fish,0.72,0.28,0.0,0.0,0.0,0.0,0.0,0.0,0.0,0.0
30.687,70.78399999999998,1e-21,3463.1540000000005,2.25,6897.336914,5.657,Light_Modulation,Koi_Fish,Extremely_Loud,Scattered_Light,Helix,Whistle,Low_Frequency_Burst,1400Ripples,Air_Compressor,Blip,0.65,0.28,0.05,0.01,0.01,0.0,0.0,0.0,0.0,0.0
26.015,26.916,6.74e-22,541.36,2.0,1060.2109380000004,5.657,Light_Modulation,Koi_Fish,Helix,None_of_the_Above,No_Glitch,Whistle,Low_Frequency_Burst,1400Ripples,Air_Compressor,Blip,0.9,0.05,0.03,0.01,0.01,0.0,0.0,0.0,0.0,0.0
26.015,81.72399999999998,1.4800000000000002e-21,2782.522,1.25,5540.310547,5.657,Light_Modulation,Koi_Fish,Extremely_Loud,None_of_the_Above,Tomte,Whistle,Low_Frequency_Burst,1400Ripples,Air_Compressor,Blip,0.65,0.19,0.08,0.07,0.01,0.0,0.0,0.0,0.0,0.0
26.015,48.049,1.74e-21,1921.808,1.5,3823.615723,5.657,Light_Modulation,Koi_Fish,Repeating_Blips,Tomte,Extremely_Loud,None_of_the_Above,Whistle,1400Ripples,Air_Compressor,Blip,0.74,0.17,0.04,0.02,0.02,0.01,0.0,0.0,0.0,0.0
32.173,32.622,3.64e-22,3426.8520000000008,1.75,6823.11377,5.657,Light_Modulation,Scattered_Light,Koi_Fish,Violin_Mode,Tomte,Repeating_Blips,Extremely_Loud,Whistle,1400Ripples,Air_Compressor,0.91,0.03,0.02,0.01,0.01,0.01,0.01,0.0,0.0,0.0
23.511,7.745,2.29e-22,23.943,0.25,10.05525,11.314,Paired_Doves,None_of_the_Above,Helix,Low_Frequency_Lines,Low_Frequency_Burst,1400Ripples,Air_Compressor,Blip,Chirp,Extremely_Loud,0.57,0.39,0.03,0.01,0.0,0.0,0.0,0.0,0.0,0.0
24.802,7.673999999999999,2.07e-22,23.771,0.188,11.64083,11.314,None_of_the_Above,Paired_Doves,Low_Frequency_Burst,Whistle,1400Ripples,Air_Compressor,Blip,Chirp,Extremely_Loud,Helix,0.96,0.03,0.01,0.0,0.0,0.0,0.0,0.0,0.0,0.0
25.048,8.896,2.06e-22,3984.699,1.242,7931.567383,22.627,Scattered_Light,None_of_the_Above,Whistle,Low_Frequency_Burst,1400Ripples,Air_Compressor,Blip,Chirp,Extremely_Loud,Helix,0.95,0.05,0.0,0.0,0.0,0.0,0.0,0.0,0.0,0.0
25.146,8.34,1.92e-22,3984.699,2.75,7931.567383,11.314,Scattered_Light,None_of_the_Above,Whistle,Low_Frequency_Burst,1400Ripples,Air_Compressor,Blip,Chirp,Extremely_Loud,Helix,0.81,0.19,0.0,0.0,0.0,0.0,0.0,0.0,0.0,0.0
24.264,8.777999999999999,2.98e-22,31.582,0.25,25.333481,11.314,None_of_the_Above,Paired_Doves,Whistle,Low_Frequency_Burst,1400Ripples,Air_Compressor,Blip,Chirp,Extremely_Loud,Helix,0.98,0.02,0.0,0.0,0.0,0.0,0.0,0.0,0.0,0.0
25.048,8.025,2.37e-22,27.347,0.75,16.8638,11.314,None_of_the_Above,Scattered_Light,Low_Frequency_Burst,Whistle,1400Ripples,Air_Compressor,Blip,Chirp,Extremely_Loud,Helix,0.45,0.44,0.11,0.0,0.0,0.0,0.0,0.0,0.0,0.0
27.308000000000003,9.086,1.65e-22,3300.365,1.0,6562.898438,11.314,Scattered_Light,None_of_the_Above,Paired_Doves,Whistle,Light_Modulation,1400Ripples,Air_Compressor,Blip,Chirp,Extremely_Loud,0.71,0.28,0.01,0.0,0.0,0.0,0.0,0.0,0.0,0.0
1473.621,8.793,6.85e-23,1024.795,0.5,2003.846436,5.657,No_Glitch,Whistle,Blip,Violin_Mode,None_of_the_Above,1400Ripples,Repeating_Blips,Tomte,Scratchy,Scattered_Light,0.49,0.17,0.08,0.07,0.07,0.05,0.03,0.02,0.01,0.01
26.685,9.121,2.3300000000000003e-22,2812.146,2.135,5586.462402,11.314,Scattered_Light,Violin_Mode,None_of_the_Above,Whistle,Light_Modulation,1400Ripples,Air_Compressor,Blip,Chirp,Extremely_Loud,0.94,0.03,0.03,0.0,0.0,0.0,0.0,0.0,0.0,0.0
27.308000000000003,9.866,1.7e-22,3910.303,1.25,7782.774901999999,11.314,Scattered_Light,None_of_the_Above,Whistle,Low_Frequency_Burst,1400Ripples,Air_Compressor,Blip,Chirp,Extremely_Loud,Helix,0.94,0.06,0.0,0.0,0.0,0.0,0.0,0.0,0.0,0.0
1050.42,10.467,6.099999999999998e-23,1363.63,0.031,1326.175415,11.314,Whistle,No_Glitch,1400Ripples,Violin_Mode,Blip,Low_Frequency_Burst,Air_Compressor,Chirp,Extremely_Loud,Helix,0.79,0.09,0.07,0.04,0.01,0.0,0.0,0.0,0.0,0.0
1119.088,11.855,7.8e-23,3306.365,0.075,5211.643555,22.627,Whistle,1400Ripples,Violin_Mode,Extremely_Loud,No_Glitch,Low_Frequency_Burst,Air_Compressor,Blip,Chirp,Helix,0.46,0.38,0.08,0.05,0.03,0.0,0.0,0.0,0.0,0.0
985.964,9.557,5.46e-23,1363.63,0.016,1326.175415,22.627,Whistle,Violin_Mode,1400Ripples,1080Lines,Scratchy,Scattered_Light,Tomte,Air_Compressor,Blip,Chirp,0.86,0.1,0.03,0.01,0.0,0.0,0.0,0.0,0.0,0.0
985.964,8.488,4.7399999999999997e-23,1169.663,0.012,938.240845,22.627,Violin_Mode,Whistle,1400Ripples,1080Lines,No_Glitch,Scratchy,Koi_Fish,Tomte,Air_Compressor,Blip,0.44,0.31,0.13,0.07,0.05,0.0,0.0,0.0,0.0,0.0
1065.326,9.901,6.079999999999999e-23,1363.63,0.023,1326.175415,11.314,No_Glitch,Whistle,1080Lines,Violin_Mode,1400Ripples,Tomte,Light_Modulation,Air_Compressor,Blip,Chirp,0.72,0.17,0.05,0.05,0.01,0.0,0.0,0.0,0.0,0.0
1098.858,8.263,7.19e-23,1174.485,0.123,208.919601,45.255,Whistle,1080Lines,Violin_Mode,1400Ripples,No_Glitch,Light_Modulation,Air_Compressor,Blip,Chirp,Extremely_Loud,0.5,0.17,0.14,0.14,0.05,0.0,0.0,0.0,0.0,0.0
1119.088,9.048,5.76e-23,1169.663,0.023,938.240845,22.627,1080Lines,1400Ripples,Violin_Mode,Whistle,No_Glitch,Scratchy,Koi_Fish,Tomte,Air_Compressor,Blip,0.27,0.23,0.22,0.19,0.09,0.0,0.0,0.0,0.0,0.0
1050.42,8.04,5.01e-23,1169.663,0.023,938.240845,22.627,1080Lines,Whistle,Violin_Mode,1400Ripples,Tomte,Air_Compressor,Blip,Chirp,Extremely_Loud,Helix,0.67,0.16,0.1,0.07,0.0,0.0,0.0,0.0,0.0,0.0
985.964,8.914,5.13e-23,3816.831,0.491,7587.91748,11.314,Whistle,1400Ripples,Wandering_Line,Air_Compressor,Blip,Chirp,Extremely_Loud,Helix,Koi_Fish,Light_Modulation,0.99,0.01,0.0,0.0,0.0,0.0,0.0,0.0,0.0,0.0
1023.363,7.521,6.120000000000001e-23,956.428,0.109,511.769409,45.255,1080Lines,Whistle,Violin_Mode,Tomte,1400Ripples,Air_Compressor,Blip,Chirp,Extremely_Loud,Helix,0.99,0.01,0.0,0.0,0.0,0.0,0.0,0.0,0.0,0.0
