,GPStime,peakFreq,snr,amplitude,centralFreq,duration,bandwidth,chisq,chisqDof,confidence,id,ifo,label,imgUrl,Q-value
146979,1238727310,38.027,3564.764,3.08e-20,3977.241,6.0,7946.48291,0,0,0.909,UIRuzBWsWJ,L1,Extremely_Loud,https://ldas-jobs.ligo-la.caltech.edu/~gravityspy/runs/O3/IlWiaNncuU/UIRuzBWsWJ.png,5.657
53527,1250505583,142.363,583.077,2.2899999999999997e-21,3406.167,4.0,6792.334961,0,0,1.0,kK3VJVzfmH,H1,Extremely_Loud,https://ldas-jobs.ligo-wa.caltech.edu/~gravityspy/runs/O3/o9uDEaaS1T/kK3VJVzfmH.png,5.657
2026,1239818983,137.711,1964.566,7.98e-21,3877.68,7.25,7740.13623,0,0,1.0,1M8PM1vwnk,H1,Extremely_Loud,https://ldas-jobs.ligo-wa.caltech.edu/~gravityspy/runs/O3/5wPzXAWHkR/1M8PM1vwnk.png,5.657
151105,1252853665,39.789,309.683,2.68e-21,1019.543,2.75,2014.350952,0,0,0.892,JWCIDcvKmS,L1,Extremely_Loud,https://ldas-jobs.ligo-la.caltech.edu/~gravityspy/runs/O3/lW3WzJ5vCh/JWCIDcvKmS.png,5.657
28072,1249592093,39.789,1525.606,1.3000000000000001e-20,3980.241,6.25,7940.48291,0,0,1.0,FvQqslYlh8,L1,Extremely_Loud,https://ldas-jobs.ligo-la.caltech.edu/~gravityspy/runs/O3/gXjKUnnN9x/FvQqslYlh8.png,11.314
85036,1251689919,32.173,170.06099999999998,1.9300000000000003e-21,3981.425,3.75,7938.115723000001,0,0,0.997,fNBo5rcNMx,L1,Extremely_Loud,https://ldas-jobs.ligo-la.caltech.edu/~gravityspy/runs/O3/zCXwWELHz2/fNBo5rcNMx.png,5.657
80118,1246972389,142.363,237.13299999999998,9.34e-22,1557.559,2.5610000000000004,3084.527832,0,0,0.998,0zhyuUdjsX,H1,Extremely_Loud,https://ldas-jobs.ligo-wa.caltech.edu/~gravityspy/runs/O3/0SmoyAeZLC/0zhyuUdjsX.png,5.657
158496,1240604396,89.676,1164.723,5.5000000000000005e-21,3389.538,3.75,6760.209961,0,0,0.8540000000000001,tlkPQKZPfA,H1,Extremely_Loud,https://ldas-jobs.ligo-wa.caltech.edu/~gravityspy/runs/O3/p7ZBBQFZZH/tlkPQKZPfA.png,5.657
934,1241710215,115.113,3698.039,1.5200000000000002e-20,3980.241,6.813,7940.48291,0,0,1.0,xZcPNIG60h,H1,Extremely_Loud,https://ldas-jobs.ligo-wa.caltech.edu/~gravityspy/runs/O3/BQzt4ubJkY/xZcPNIG60h.png,11.314
26334,1250063018,26.015,390.281,7.159999999999999e-21,2961.093,3.75,5902.186035,0,0,1.0,5vMqPuJpnr,L1,Extremely_Loud,https://ldas-jobs.ligo-la.caltech.edu/~gravityspy/runs/O3/hEnauFNgTG/5vMqPuJpnr.png,11.314
202489,1243825845,145.556,11.402999999999999,4.129999999999999e-23,3847.244,3.313,7527.091309,0,0,0.47700000000000004,nviFgUQuA5,H1,Scratchy,https://ldas-jobs.ligo-wa.caltech.edu/~gravityspy/runs/O3/G58VqAMMVM/nviFgUQuA5.png,45.255
8385,1246920902,260.813,10.46,3.49e-23,3975.2529999999997,1.8130000000000002,7800.963867,0,0,1.0,o5o85lPzBT,L1,Scratchy,https://ldas-jobs.ligo-la.caltech.edu/~gravityspy/runs/O3/seq2MIjwaH/o5o85lPzBT.png,11.314
197076,1243641658,97.88799999999999,9.743,4.9100000000000004e-23,3159.3309999999997,0.813,6183.306152,0,0,0.541,glN5F6PTRR,H1,Scratchy,https://ldas-jobs.ligo-wa.caltech.edu/~gravityspy/runs/O3/X7YH8jGvUl/glN5F6PTRR.png,45.255
139305,1246922663,78.628,7.862,4.7700000000000004e-23,3970.998,1.0,7809.474120999999,0,0,0.9359999999999999,9BWKALF3jn,L1,Scratchy,https://ldas-jobs.ligo-la.caltech.edu/~gravityspy/runs/O3/wTGAUc5sUO/9BWKALF3jn.png,22.627
118076,1241110182,83.366,13.376,6.49e-23,99.116,1.5630000000000002,88.784286,0,0,0.978,noaFlwyi9q,H1,Scratchy,https://ldas-jobs.ligo-wa.caltech.edu/~gravityspy/runs/O3/bt0OI9Tisr/noaFlwyi9q.png,45.255
130030,1240608399,122.15899999999999,13.168,5.75e-23,122.365,0.875,28.676701,0,0,0.9590000000000001,9zrwDGd8ID,H1,Scratchy,https://ldas-jobs.ligo-wa.caltech.edu/~gravityspy/runs/O3/p7ZBBQFZZH/9zrwDGd8ID.png,45.255
207451,1248983964,60.857,7.752999999999999,4.63e-23,3363.1279999999997,0.449,6688.425781,0,0,0.195,YPC9FC8a97,L1,Scratchy,https://ldas-jobs.ligo-la.caltech.edu/~gravityspy/runs/O3/1XjoLlHtg5/YPC9FC8a97.png,5.657
102676,1244956401,779.059,14.65,9.28e-23,3979.717,0.503,7792.036620999999,0,0,0.991,Nj00sHpjQO,H1,Scratchy,https://ldas-jobs.ligo-wa.caltech.edu/~gravityspy/runs/O3/k1PsWLV4iy/Nj00sHpjQO.png,5.657
199578,1244869130,96.96700000000001,7.521,3.46e-23,2868.237,0.43799999999999994,5569.076172,0,0,0.515,pCYOvuHpun,H1,Scratchy,https://ldas-jobs.ligo-wa.caltech.edu/~gravityspy/runs/O3/xFq6S91XVv/pCYOvuHpun.png,11.314
199769,1243857658,96.96700000000001,11.437000000000001,8.13e-23,1276.7839999999999,3.75,2385.709229,0,0,0.513,pbdBhVUCEA,H1,Scratchy,https://ldas-jobs.ligo-wa.caltech.edu/~gravityspy/runs/O3/GFdEEhvuSH/pbdBhVUCEA.png,45.255
63224,1242580122,60.785,8.785,5.689999999999999e-23,101.28399999999999,0.5,114.06996200000002,0,0,0.9990000000000001,I8Vv3bQFQl,L1,Power_Line,https://ldas-jobs.ligo-la.caltech.edu/~gravityspy/runs/O3/ahzsN94U6Q/I8Vv3bQFQl.png,22.627
36004,1240217325,55.718999999999994,7.531000000000001,3.6299999999999993e-23,3723.3940000000002,0.6559999999999999,7337.128906,0,0,1.0,IUjhv5Ey8c,L1,Power_Line,https://ldas-jobs.ligo-la.caltech.edu/~gravityspy/runs/O3/FvPes0o7rI/IUjhv5Ey8c.png,45.255
21105,1239839953,70.623,11.512,4.82e-23,3890.263,0.494,7675.610352,0,0,1.0,ynE42tdZjw,L1,Power_Line,https://ldas-jobs.ligo-la.caltech.edu/~gravityspy/runs/O3/V52DpgjU3C/ynE42tdZjw.png,45.255
39264,1240046108,70.623,9.687000000000001,3.89e-23,3978.902,4.0,7943.162109000001,0,0,1.0,PSEXZ1XHjF,L1,Power_Line,https://ldas-jobs.ligo-la.caltech.edu/~gravityspy/runs/O3/nlqO8EGRch/PSEXZ1XHjF.png,22.627
32467,1240203905,70.623,10.780999999999999,4.21e-23,1178.955,0.5,2252.993896,0,0,1.0,R1xkFddVE5,L1,Power_Line,https://ldas-jobs.ligo-la.caltech.edu/~gravityspy/runs/O3/ARkkwWgdG5/R1xkFddVE5.png,22.627
204904,1240723968,80.275,11.932,6.38e-23,3936.4509999999996,3.5,7730.479492,0,0,0.424,ngo5o7Wuo1,H1,Power_Line,https://ldas-jobs.ligo-wa.caltech.edu/~gravityspy/runs/O3/9hA63eM4qu/ngo5o7Wuo1.png,45.255
119072,1246830661,53.948,10.852,8.37e-23,3980.241,8.625,7940.48291,0,0,0.976,Y0WuDrOo8L,L1,Power_Line,https://ldas-jobs.ligo-la.caltech.edu/~gravityspy/runs/O3/PPGMYXKhYj/Y0WuDrOo8L.png,45.255
25991,1240083068,70.623,13.469000000000001,5.41e-23,2185.931,0.375,4266.945801,0,0,1.0,AJg7FanDnZ,L1,Power_Line,https://ldas-jobs.ligo-la.caltech.edu/~gravityspy/runs/O3/encxAYYKQO/AJg7FanDnZ.png,22.627
26263,1239987490,70.623,9.133,4.129999999999999e-23,3848.827,1.141,7612.989745999999,0,0,1.0,RlU3w61rOc,L1,Power_Line,https://ldas-jobs.ligo-la.caltech.edu/~gravityspy/runs/O3/vQ3sxjP4Qh/RlU3w61rOc.png,45.255
132838,1240728385,70.331,10.09,5.97e-23,71.354,1.875,9.02486,0,0,0.953,3s2hY4rUwz,H1,Power_Line,https://ldas-jobs.ligo-wa.caltech.edu/~gravityspy/runs/O3/9hA63eM4qu/3s2hY4rUwz.png,45.255
8608,1250015581,29.948,10.245,1.35e-22,944.17,1.5,1850.5096440000002,0,0,1.0,oYOjBLR4Zi,L1,Scattered_Light,https://ldas-jobs.ligo-la.caltech.edu/~gravityspy/runs/O3/4dLyXv3bKh/oYOjBLR4Zi.png,45.255
9257,1243261512,26.433000000000003,9.541,2.3e-22,3984.699,1.382,7931.567383,0,0,1.0,AuOj2K5eyP,L1,Scattered_Light,https://ldas-jobs.ligo-la.caltech.edu/~gravityspy/runs/O3/3sHR62lVsA/AuOj2K5eyP.png,45.255
163141,1240849214,34.59,9.52,1.1e-22,3986.938,1.251,7927.089844,0,0,0.826,wF0jVxkmSc,L1,Scattered_Light,https://ldas-jobs.ligo-la.caltech.edu/~gravityspy/runs/O3/IAVixKr0RQ/wF0jVxkmSc.png,11.314
13187,1253423626,30.629,9.456,2.37e-22,853.947,2.0,1670.063721,0,0,1.0,T2t750rn3X,H1,Scattered_Light,https://ldas-jobs.ligo-wa.caltech.edu/~gravityspy/runs/O3/396BxE6kvB/T2t750rn3X.png,45.255
181029,1243285477,36.625,11.205,1.08e-22,3949.5640000000003,1.297,7852.342285,0,0,0.6829999999999999,yk4QZ1MTU8,L1,Scattered_Light,https://ldas-jobs.ligo-la.caltech.edu/~gravityspy/runs/O3/pba2m66CbT/yk4QZ1MTU8.png,11.314
19336,1247455185,26.085,9.148,3.5e-22,915.326,1.75,1784.90918,0,0,1.0,jvHN3K9BmF,H1,Scattered_Light,https://ldas-jobs.ligo-wa.caltech.edu/~gravityspy/runs/O3/xWQdw7W2vG/jvHN3K9BmF.png,45.255
198023,1253279736,39.02,10.623,1.06e-22,55.621,1.0,56.154591,0,0,0.531,nXsGzBOuHZ,L1,Scattered_Light,https://ldas-jobs.ligo-la.caltech.edu/~gravityspy/runs/O3/zAsZ3CBNUe/nXsGzBOuHZ.png,11.314
114110,1239452231,25.268,7.778,1.81e-22,2770.775,1.138,5505.647461,0,0,0.982,OR7J6DS8XZ,L1,Scattered_Light,https://ldas-jobs.ligo-la.caltech.edu/~gravityspy/runs/O3/N4lrrWGgup/OR7J6DS8XZ.png,11.314
6547,1253658182,27.886,13.02,4.23e-22,2398.965,1.75,4762.567871,0,0,1.0,zdHzbS4Kai,H1,Scattered_Light,https://ldas-jobs.ligo-wa.caltech.edu/~gravityspy/runs/O3/QHVWkvaHfs/zdHzbS4Kai.png,45.255
168864,1243422894,27.308000000000003,9.974,2.09e-22,31.581999999999997,1.25,25.333481,0,0,0.785,mQJCvDy4CJ,L1,Scattered_Light,https://ldas-jobs.ligo-la.caltech.edu/~gravityspy/runs/O3/bGxxzPmSxE/mQJCvDy4CJ.png,11.314
107395,1245216012,176.063,42.815,1.39e-22,3763.8509999999997,1.5,7497.112305,0,0,0.988,XhnxASXIWF,L1,Koi_Fish,https://ldas-jobs.ligo-la.caltech.edu/~gravityspy/runs/O3/pCn4zKUrlx/XhnxASXIWF.png,5.657
88935,1243775439,115.113,147.536,5.96e-22,1262.7,1.75,2487.56958,0,0,0.996,NHrbsrBdKM,H1,Koi_Fish,https://ldas-jobs.ligo-wa.caltech.edu/~gravityspy/runs/O3/G58VqAMMVM/NHrbsrBdKM.png,5.657
3383,1252871564,93.079,102.619,4.49e-22,442.64599999999996,1.25,847.460632,0,0,1.0,jEwTu5CoXM,H1,Koi_Fish,https://ldas-jobs.ligo-wa.caltech.edu/~gravityspy/runs/O3/396BxE6kvB/jEwTu5CoXM.png,5.657
113979,1241108679,32.173,20.358,2.2299999999999996e-22,3581.752,1.26,7132.915039,0,0,0.982,RD3HNF0GNO,L1,Koi_Fish,https://ldas-jobs.ligo-la.caltech.edu/~gravityspy/runs/O3/ksRFO7vp0S/RD3HNF0GNO.png,5.657
50302,1246473916,142.363,165.165,6.3e-22,1010.4110000000001,2.5,1982.991089,0,0,1.0,qgaIQMecsJ,H1,Koi_Fish,https://ldas-jobs.ligo-wa.caltech.edu/~gravityspy/runs/O3/fJGGrGM5ns/qgaIQMecsJ.png,5.657
75039,1246921581,75.263,96.805,5.21e-22,574.547,1.875,1111.262329,0,0,0.998,2AbCNvYH6u,H1,Koi_Fish,https://ldas-jobs.ligo-wa.caltech.edu/~gravityspy/runs/O3/0SmoyAeZLC/2AbCNvYH6u.png,5.657
143296,1253639136,39.789,51.681999999999995,4.789999999999999e-22,3762.387,2.0,7500.040039,0,0,0.9229999999999999,0tbxFMFgTs,L1,Koi_Fish,https://ldas-jobs.ligo-la.caltech.edu/~gravityspy/runs/O3/YWAiQHqBf4/0tbxFMFgTs.png,5.657
185938,1252345361,75.263,267.402,1.3300000000000001e-21,541.36,2.25,1060.2109380000002,0,0,0.636,gp977mrBJj,H1,Koi_Fish,https://ldas-jobs.ligo-wa.caltech.edu/~gravityspy/runs/O3/zPoNVTnz99/gp977mrBJj.png,5.657
81065,1246709727,39.789,78.851,6.21e-22,356.455,1.75,688.175659,0,0,0.998,05loMm0SpA,L1,Koi_Fish,https://ldas-jobs.ligo-la.caltech.edu/~gravityspy/runs/O3/tycOaij6Lh/05loMm0SpA.png,5.657
129032,1251428845,75.263,24.026999999999997,1.07e-22,3134.949,0.8959999999999999,6232.068359000001,0,0,0.961,i3mGg7Q3yK,L1,Koi_Fish,https://ldas-jobs.ligo-la.caltech.edu/~gravityspy/runs/O3/HzO0QgMNuV/i3mGg7Q3yK.png,5.657
14435,1244752955,176.063,22.308000000000003,8.44e-23,4002.603,0.19699999999999998,7895.759276999999,0,0,1.0,TRlCGGDPA5,H1,Whistle,https://ldas-jobs.ligo-wa.caltech.edu/~gravityspy/runs/O3/KJTfBC5dJw/TRlCGGDPA5.png,5.657
33607,1244818574,1192.246,8.112,7.43e-23,2986.7729999999997,0.106,5717.515136999999,0,0,1.0,8EXdaSoS7b,H1,Whistle,https://ldas-jobs.ligo-wa.caltech.edu/~gravityspy/runs/O3/KJTfBC5dJw/8EXdaSoS7b.png,11.314
47544,1244257591,469.598,9.79,4.3700000000000003e-23,337.88800000000003,0.359,436.480896,0,0,1.0,TEPLp0Bde8,H1,Whistle,https://ldas-jobs.ligo-wa.caltech.edu/~gravityspy/runs/O3/gWblw8Ic9r/TEPLp0Bde8.png,45.255
23278,1245564330,841.056,12.523,8.42e-23,4039.2490000000003,0.171,7822.467773,0,0,1.0,ijpq2a4OYq,H1,Whistle,https://ldas-jobs.ligo-wa.caltech.edu/~gravityspy/runs/O3/UWXziGnxca/ijpq2a4OYq.png,11.314
81937,1244987819,411.865,9.577,4.14e-23,3915.723,0.16,7664.049805,0,0,0.997,teKiktUnQU,H1,Whistle,https://ldas-jobs.ligo-wa.caltech.edu/~gravityspy/runs/O3/k1PsWLV4iy/teKiktUnQU.png,5.657
175804,1245650183,309.899,15.392999999999999,5.62e-23,2681.39,6.707000000000001,5230.257324,0,0,0.7290000000000001,nGHDpHJofN,H1,Whistle,https://ldas-jobs.ligo-wa.caltech.edu/~gravityspy/runs/O3/UWXziGnxca/nGHDpHJofN.png,45.255
23985,1244770584,1119.816,10.735999999999999,9.27e-23,3262.5209999999997,0.552,4516.651855,0,0,1.0,RdOnFhKmrn,H1,Whistle,https://ldas-jobs.ligo-wa.caltech.edu/~gravityspy/runs/O3/KJTfBC5dJw/RdOnFhKmrn.png,45.255
57165,1245362338,1065.326,12.337,9.999999999999999e-23,3915.385,0.25,7772.611816,0,0,1.0,RyeEXknN9h,H1,Whistle,https://ldas-jobs.ligo-wa.caltech.edu/~gravityspy/runs/O3/EtohVlx6WE/RyeEXknN9h.png,11.314
163272,1250010658,1349.3970000000002,29.971999999999998,2.25e-22,1833.1370000000002,0.031,2533.37085,0,0,0.825,gmU7qLdBTw,L1,Whistle,https://ldas-jobs.ligo-la.caltech.edu/~gravityspy/runs/O3/QH0TlR9dBa/gmU7qLdBTw.png,5.657
4283,1244835490,269.285,22.275,8.729999999999999e-23,3989.862,0.546,7921.241698999999,0,0,1.0,S6A72IWkLM,H1,Whistle,https://ldas-jobs.ligo-wa.caltech.edu/~gravityspy/runs/O3/xFq6S91XVv/S6A72IWkLM.png,5.657
160538,1249356778,11.120999999999999,7.524,4.8e-20,12.647,2.188,5.29479,0,0,0.843,o7PoQ6kqhG,H1,Low_Frequency_Burst,https://ldas-jobs.ligo-wa.caltech.edu/~gravityspy/runs/O3/iRY1eAp5Iv/o7PoQ6kqhG.png,5.657
33099,1249290476,10.609000000000002,13.192,1.5e-19,3461.2490000000003,1.5,6902.498535,0,0,1.0,jDqihHupOD,H1,Low_Frequency_Burst,https://ldas-jobs.ligo-wa.caltech.edu/~gravityspy/runs/O3/kKPhMHCyIW/jDqihHupOD.png,11.314
71772,1249461577,10.609000000000002,48.883,7.12e-19,3130.492,5.75,6240.983886999999,0,0,0.9990000000000001,rWsGvkwNJv,H1,Low_Frequency_Burst,https://ldas-jobs.ligo-wa.caltech.edu/~gravityspy/runs/O3/muo4fvL14F/rWsGvkwNJv.png,11.314
148320,1238641152,11.319,11.520999999999999,4.8999999999999996e-20,3197.1820000000002,1.5,6379.140136999999,0,0,0.904,5CqKIw6Zks,H1,Low_Frequency_Burst,https://ldas-jobs.ligo-wa.caltech.edu/~gravityspy/runs/O3/PUiDD1iZJI/5CqKIw6Zks.png,11.314
76499,1249197558,11.245,17.455,2e-19,12.647,1.5,5.29479,0,0,0.998,AffLUpLh4R,H1,Low_Frequency_Burst,https://ldas-jobs.ligo-wa.caltech.edu/~gravityspy/runs/O3/FZjYun4jIE/AffLUpLh4R.png,5.657
82072,1249352276,11.120999999999999,8.516,5.7e-20,12.647,0.25,5.29479,0,0,0.997,iNbS7f9Gwg,H1,Low_Frequency_Burst,https://ldas-jobs.ligo-wa.caltech.edu/~gravityspy/runs/O3/AuJMeysHMd/iNbS7f9Gwg.png,5.657
135740,1238603220,12.741,23.893,6.24e-20,3404.973,4.5,6794.723145,0,0,0.946,x77vzMh0QG,H1,Low_Frequency_Burst,https://ldas-jobs.ligo-wa.caltech.edu/~gravityspy/runs/O3/zpLACsKHuv/x77vzMh0QG.png,22.627
53698,1249459645,10.609000000000002,22.713,2.94e-19,2375.556,3.5,4731.112793,0,0,1.0,LgikKTa3s0,H1,Low_Frequency_Burst,https://ldas-jobs.ligo-wa.caltech.edu/~gravityspy/runs/O3/km9szGjW5A/LgikKTa3s0.png,11.314
112576,1241857225,11.94,8.236,1.1300000000000002e-19,3980.241,3.6460000000000004,7940.48291,0,0,0.983,nBJ8wXShfT,L1,Low_Frequency_Burst,https://ldas-jobs.ligo-la.caltech.edu/~gravityspy/runs/O3/rXfHQQItd2/nBJ8wXShfT.png,22.627
27999,1249466887,11.120999999999999,9.49,6.34e-20,12.647,0.375,5.29479,0,0,1.0,Nj9TsmZM4k,H1,Low_Frequency_Burst,https://ldas-jobs.ligo-wa.caltech.edu/~gravityspy/runs/O3/APOx3mDD2R/Nj9TsmZM4k.png,5.657
35709,1243308066,217.74099999999999,11.432,4.2299999999999997e-23,384.11,0.125,632.8651120000001,0,0,1.0,21KIqjkajM,H1,Blip,https://ldas-jobs.ligo-wa.caltech.edu/~gravityspy/runs/O3/D7oSDOFWpE/21KIqjkajM.png,5.657
152582,1238326982,89.676,10.749,3.9700000000000003e-23,3061.4970000000003,0.25,6078.503418,0,0,0.885,XWnM7FWU9v,L1,Blip,https://ldas-jobs.ligo-la.caltech.edu/~gravityspy/runs/O3/yKlTgURFeG/XWnM7FWU9v.png,5.657
201908,1248051024,75.263,36.442,1.63e-22,3728.5370000000003,1.091,7426.483398,0,0,0.48700000000000004,895tQ1sQSm,L1,Blip,https://ldas-jobs.ligo-la.caltech.edu/~gravityspy/runs/O3/FLZfo8098a/895tQ1sQSm.png,5.657
148933,1252597523,509.36300000000006,46.63,1.85e-22,2644.462,0.25,5217.366211,0,0,0.9009999999999999,epglrSDehC,L1,Blip,https://ldas-jobs.ligo-la.caltech.edu/~gravityspy/runs/O3/MxdjDeJ9w0/epglrSDehC.png,5.657
80135,1248419480,115.113,13.664000000000001,5.660000000000001e-23,553.622,0.125,1035.686157,0,0,0.998,8y6kDwAiDR,H1,Blip,https://ldas-jobs.ligo-wa.caltech.edu/~gravityspy/runs/O3/ZFqKBJv2u5/8y6kDwAiDR.png,5.657
192396,1246595901,49.208,9.345,6.02e-23,3492.43,0.111,6938.074706999999,0,0,0.585,iQsTEDuoHM,L1,Blip,https://ldas-jobs.ligo-la.caltech.edu/~gravityspy/runs/O3/JAx0PX1Fx9/iQsTEDuoHM.png,5.657
88453,1251314317,49.208,8.797,5.640000000000001e-23,56.43,0.156,54.999088,0,0,0.996,eIghffUvhS,L1,Blip,https://ldas-jobs.ligo-la.caltech.edu/~gravityspy/runs/O3/7ITiuBWM5W/eIghffUvhS.png,5.657
48788,1245076862,217.74099999999999,52.406000000000006,1.98e-22,1612.8220000000001,0.5,3167.782959,0,0,1.0,lxxOT9LZi3,H1,Blip,https://ldas-jobs.ligo-wa.caltech.edu/~gravityspy/runs/O3/Dpe80743fU/lxxOT9LZi3.png,5.657
169893,1245582552,217.74099999999999,26.585,8.61e-23,3982.889,1.11,7935.187988,0,0,0.778,0ABmHpnuX4,L1,Blip,https://ldas-jobs.ligo-la.caltech.edu/~gravityspy/runs/O3/Lo15PaPZGb/0ABmHpnuX4.png,5.657
104062,1244264681,39.789,8.597999999999999,6.700000000000001e-23,53.54600000000001,0.188,60.305381999999994,0,0,0.99,RjclnnLL7K,L1,Blip,https://ldas-jobs.ligo-la.caltech.edu/~gravityspy/runs/O3/LUZS04xR8Y/RjclnnLL7K.png,5.657
124897,1244713446,217.74099999999999,44.17100000000001,1.66e-22,2641.038,0.563,5224.214844,0,0,0.968,pPXddZ36NA,H1,Repeating_Blips,https://ldas-jobs.ligo-wa.caltech.edu/~gravityspy/runs/O3/xFq6S91XVv/pPXddZ36NA.png,5.657
170566,1253512766,93.079,14.435,6.26e-23,162.60399999999998,0.43799999999999994,273.724945,0,0,0.773,JhyF1tYVsj,H1,Repeating_Blips,https://ldas-jobs.ligo-wa.caltech.edu/~gravityspy/runs/O3/OrE1e3fQzJ/JhyF1tYVsj.png,5.657
126770,1240598094,58.396,11.82,8.11e-23,194.541,0.625,333.94989,0,0,0.965,vxa6Z73mQm,H1,Repeating_Blips,https://ldas-jobs.ligo-wa.caltech.edu/~gravityspy/runs/O3/44vWoR4pIb/vxa6Z73mQm.png,5.657
87146,1253004226,39.789,8.36,9.359999999999999e-23,39.058,0.125,31.33045,0,0,0.996,FekIxLUfLo,H1,Repeating_Blips,https://ldas-jobs.ligo-wa.caltech.edu/~gravityspy/runs/O3/OrE1e3fQzJ/FekIxLUfLo.png,5.657
191010,1242812342,63.39,8.506,5.2e-23,100.575,0.35200000000000004,115.48677099999999,0,0,0.6,Irv58DiBmu,H1,Repeating_Blips,https://ldas-jobs.ligo-wa.caltech.edu/~gravityspy/runs/O3/DaS4cfbkaN/Irv58DiBmu.png,5.657
146102,1240196384,211.477,11.337,4.2e-23,1786.14,0.064,3411.1660159999997,0,0,0.9129999999999999,IxXTMrZRrV,H1,Repeating_Blips,https://ldas-jobs.ligo-wa.caltech.edu/~gravityspy/runs/O3/Sg7mc9KdEY/IxXTMrZRrV.png,5.657
192441,1250900541,333.03,7.621,3e-23,317.065,0.115,498.774109,0,0,0.585,LqvAzSG0jb,H1,Repeating_Blips,https://ldas-jobs.ligo-wa.caltech.edu/~gravityspy/runs/O3/vG9YbpjtRI/LqvAzSG0jb.png,5.657
166190,1251548848,217.74099999999999,11.754000000000001,3.8500000000000003e-23,1031.249,0.25,1990.9389649999998,0,0,0.805,VdK1sdsdpH,L1,Repeating_Blips,https://ldas-jobs.ligo-la.caltech.edu/~gravityspy/runs/O3/sLXErD10sO/VdK1sdsdpH.png,5.657
165962,1249576406,115.113,20.202,8.549999999999999e-23,3139.188,1.25,6231.590332,0,0,0.8059999999999999,huNSs5RTC4,H1,Repeating_Blips,https://ldas-jobs.ligo-wa.caltech.edu/~gravityspy/runs/O3/uVsEfE1SqH/huNSs5RTC4.png,5.657
136292,1241619223,75.263,22.703000000000003,1.1400000000000002e-22,2636.031,1.0,5234.22998,0,0,0.9440000000000001,wUa1KejYdr,H1,Repeating_Blips,https://ldas-jobs.ligo-wa.caltech.edu/~gravityspy/runs/O3/CuxJCnObZq/wUa1KejYdr.png,5.657
155451,1244872429,985.9639999999999,7.885,6.41e-23,2969.653,0.396,5593.687011999999,0,0,0.871,vuPuoWVnlN,H1,Wandering_Line,https://ldas-jobs.ligo-wa.caltech.edu/~gravityspy/runs/O3/KJTfBC5dJw/vuPuoWVnlN.png,22.627
155975,1244829968,287.344,118.105,4.67e-22,3986.938,5.607,7927.089844,0,0,0.868,WmfhTSaNbt,H1,Wandering_Line,https://ldas-jobs.ligo-wa.caltech.edu/~gravityspy/runs/O3/KJTfBC5dJw/WmfhTSaNbt.png,45.255
164081,1253547937,851.485,12.995999999999999,7.2e-23,921.8330000000001,0.172,806.5411379999999,0,0,0.8190000000000001,tMKOVgypcg,L1,Wandering_Line,https://ldas-jobs.ligo-la.caltech.edu/~gravityspy/runs/O3/tClQeaHzVD/tMKOVgypcg.png,45.255
177487,1238189962,716.195,9.971,4.6799999999999994e-23,4036.002,3.2030000000000003,7828.960448999999,0,0,0.7140000000000001,YO4OL5ikx2,L1,Wandering_Line,https://ldas-jobs.ligo-la.caltech.edu/~gravityspy/runs/O3/GSSot5Bw40/YO4OL5ikx2.png,45.255
95888,1238190478,565.384,12.052999999999999,5.2e-23,3984.4109999999996,5.5520000000000005,7932.144043000001,0,0,0.9940000000000001,Y98wwzna3y,L1,Wandering_Line,https://ldas-jobs.ligo-la.caltech.edu/~gravityspy/runs/O3/GSSot5Bw40/Y98wwzna3y.png,45.255
190547,1238189203,825.3610000000001,9.287,4.9100000000000004e-23,3984.217,2.548,7932.532227,0,0,0.604,jcbXPvDDyY,L1,Wandering_Line,https://ldas-jobs.ligo-la.caltech.edu/~gravityspy/runs/O3/GSSot5Bw40/jcbXPvDDyY.png,45.255
109494,1238180519,581.656,7.757000000000001,3.19e-23,3659.8990000000003,0.508,6503.84668,0,0,0.986,ThjPF7clXj,L1,Wandering_Line,https://ldas-jobs.ligo-la.caltech.edu/~gravityspy/runs/O3/9zCpdxuByn/ThjPF7clXj.png,45.255
111497,1238180521,1251.338,10.285,7.209999999999999e-23,3884.268,5.5,7726.960937999999,0,0,0.9840000000000001,5GelqYnbym,L1,Wandering_Line,https://ldas-jobs.ligo-la.caltech.edu/~gravityspy/runs/O3/9zCpdxuByn/5GelqYnbym.png,45.255
189148,1238189118,969.33,9.865,5.91e-23,3719.13,2.437,7165.202637,0,0,0.618,qslaP0eVzy,L1,Wandering_Line,https://ldas-jobs.ligo-la.caltech.edu/~gravityspy/runs/O3/GSSot5Bw40/qslaP0eVzy.png,45.255
195856,1249382738,1327.3629999999998,12.181,2.03e-22,2555.735,2.353,4370.756836,0,0,0.5529999999999999,TJ0YbxvsxG,H1,Wandering_Line,https://ldas-jobs.ligo-wa.caltech.edu/~gravityspy/runs/O3/WCCmlUXxkG/TJ0YbxvsxG.png,45.255
157370,1243147656,1198.978,11.945,7.690000000000001e-23,1363.63,0.023,1326.175415,0,0,0.86,GcyhFJ9jeI,L1,Violin_Mode,https://ldas-jobs.ligo-la.caltech.edu/~gravityspy/runs/O3/fUMzvadO8n/GcyhFJ9jeI.png,11.314
168126,1238167135,31.386,8.257,1.3599999999999998e-22,32.288000000000004,0.188,20.087,0,0,0.7909999999999999,EpEaghEFHG,L1,Violin_Mode,https://ldas-jobs.ligo-la.caltech.edu/~gravityspy/runs/O3/tNKZafS26y/EpEaghEFHG.png,11.314
150620,1243600712,30.734,9.047,1.69e-22,3885.31,1.4269999999999998,7724.876465,0,0,0.894,VDttS0qnos,L1,Violin_Mode,https://ldas-jobs.ligo-la.caltech.edu/~gravityspy/runs/O3/d7LAY6M0ak/VDttS0qnos.png,11.314
197828,1251429214,1473.621,14.002,1.0499999999999999e-22,1900.183,0.023,2399.279785,0,0,0.5329999999999999,T0yr0CSLAl,L1,Violin_Mode,https://ldas-jobs.ligo-la.caltech.edu/~gravityspy/runs/O3/HzO0QgMNuV/T0yr0CSLAl.png,5.657
160658,1249440375,1050.42,8.646,5.34e-23,1169.663,0.008,938.2408449999999,0,0,0.8420000000000001,yCjA6Mpt9R,L1,Violin_Mode,https://ldas-jobs.ligo-la.caltech.edu/~gravityspy/runs/O3/bWZKVsoeab/yCjA6Mpt9R.png,11.314
183294,1245667605,1198.978,16.673,1.0499999999999999e-22,1900.183,0.031,2399.279785,0,0,0.662,UQzWW4gCzr,L1,Violin_Mode,https://ldas-jobs.ligo-la.caltech.edu/~gravityspy/runs/O3/njSXTxMJ6Z/UQzWW4gCzr.png,11.314
206897,1243609224,28.43,8.641,1.38e-22,2636.031,1.406,5234.22998,0,0,0.34,4oTBBcQBRd,L1,Violin_Mode,https://ldas-jobs.ligo-la.caltech.edu/~gravityspy/runs/O3/HiJ8R1B6UZ/4oTBBcQBRd.png,11.314
140218,1245803535,1198.978,16.578,1.04e-22,4184.071,0.278,7235.238281,0,0,0.9329999999999999,rXWS0nZO4v,L1,Violin_Mode,https://ldas-jobs.ligo-la.caltech.edu/~gravityspy/runs/O3/D4GbwuWgU4/rXWS0nZO4v.png,5.657
195524,1241466266,34.59,8.729,9.51e-23,63.452,0.875,80.118561,0,0,0.556,Sbio25jKRF,L1,Violin_Mode,https://ldas-jobs.ligo-la.caltech.edu/~gravityspy/runs/O3/uY2xHnTeXz/Sbio25jKRF.png,5.657
184743,1239833640,24.763,40.177,8.919999999999998e-22,3941.578,3.0389999999999997,7868.128906,0,0,0.648,Nwy6vtmZZc,L1,Violin_Mode,https://ldas-jobs.ligo-la.caltech.edu/~gravityspy/runs/O3/gsr39DaRyd/Nwy6vtmZZc.png,5.657
148898,1242171630,39.789,8.427999999999999,6.35e-23,3803.55,0.392,7560.313477,0,0,0.9009999999999999,MRvEQVoY3z,L1,None_of_the_Above,https://ldas-jobs.ligo-la.caltech.edu/~gravityspy/runs/O3/DV3bGziaKM/MRvEQVoY3z.png,5.657
194064,1240757608,24.264,7.568,2.14e-22,3883.3320000000003,0.594,7728.83252,0,0,0.57,kKRNcB96XI,L1,None_of_the_Above,https://ldas-jobs.ligo-la.caltech.edu/~gravityspy/runs/O3/TBEpmCpuHV/kKRNcB96XI.png,11.314
148622,1240308384,31.386,8.578,1.33e-22,3948.9440000000004,1.22,7853.397461,0,0,0.903,usdx5XjJwW,L1,None_of_the_Above,https://ldas-jobs.ligo-la.caltech.edu/~gravityspy/runs/O3/dQw5Q8mNIE/usdx5XjJwW.png,11.314
162821,1240853698,23.511,7.921,2.25e-22,3148.547,0.313,6259.262695,0,0,0.828,DYkFuwYVt0,L1,None_of_the_Above,https://ldas-jobs.ligo-la.caltech.edu/~gravityspy/runs/O3/LcnwqX9qbS/DYkFuwYVt0.png,11.314
163079,1245257240,39.789,8.329,6.67e-23,2675.389,0.578,5303.992676,0,0,0.826,FHLPluqUcQ,L1,None_of_the_Above,https://ldas-jobs.ligo-la.caltech.edu/~gravityspy/runs/O3/hpsvl0BbGQ/FHLPluqUcQ.png,5.657
127990,1243150329,32.173,8.218,8.63e-23,43.297,0.125,48.762321,0,0,0.963,7mbDD3YMc9,L1,None_of_the_Above,https://ldas-jobs.ligo-la.caltech.edu/~gravityspy/runs/O3/OCu6hkIZ5n/7mbDD3YMc9.png,5.657
161013,1243259558,36.625,9.112,9.64e-23,3986.938,0.5,7927.089844,0,0,0.84,V6tSN3D8g4,L1,None_of_the_Above,https://ldas-jobs.ligo-la.caltech.edu/~gravityspy/runs/O3/YqvS2KG2us/V6tSN3D8g4.png,11.314
105571,1238353669,27.9,7.691,1.8300000000000002e-22,2708.585,0.217,5372.680664,0,0,0.9890000000000001,3uaTldvdVF,L1,None_of_the_Above,https://ldas-jobs.ligo-la.caltech.edu/~gravityspy/runs/O3/NaftAJMH64/3uaTldvdVF.png,11.314
159815,1253045050,28.43,8.517999999999999,1.49e-22,33.56,0.5,21.37705,0,0,0.847,Z136nN6jFY,L1,None_of_the_Above,https://ldas-jobs.ligo-la.caltech.edu/~gravityspy/runs/O3/KS2zkiyhm3/Z136nN6jFY.png,11.314
193624,1250630950,30.734,7.648,1.17e-22,31.581999999999997,0.188,25.333481,0,0,0.574,vpXbibexX0,L1,None_of_the_Above,https://ldas-jobs.ligo-la.caltech.edu/~gravityspy/runs/O3/LiU536KlLO/vpXbibexX0.png,11.314
78364,1241642137,45.981,7.599,5.17e-23,3906.758,3.0,7789.865234000001,0,0,0.998,CysqNNz0OI,L1,Air_Compressor,https://ldas-jobs.ligo-la.caltech.edu/~gravityspy/runs/O3/Bkd59X1Bmj/CysqNNz0OI.png,45.255
170761,1239835799,45.301,7.621,4.47e-23,3751.475,1.188,7450.338867,0,0,0.7709999999999999,F3h4azR2j7,L1,Air_Compressor,https://ldas-jobs.ligo-la.caltech.edu/~gravityspy/runs/O3/hPm63VjTLx/F3h4azR2j7.png,11.314
130881,1243626977,53.553999999999995,10.552,8.159999999999999e-23,3955.757,1.156,7839.956055,0,0,0.9570000000000001,XcyFtro1wh,L1,Air_Compressor,https://ldas-jobs.ligo-la.caltech.edu/~gravityspy/runs/O3/kLZdmRzl5k/XcyFtro1wh.png,22.627
180825,1243711803,41.57,7.74,7.65e-23,2778.165,0.5820000000000001,5485.362793,0,0,0.685,HKOC2UXvn5,L1,Air_Compressor,https://ldas-jobs.ligo-la.caltech.edu/~gravityspy/runs/O3/y0v3PLcYZI/HKOC2UXvn5.png,22.627
204864,1243264859,44.288000000000004,7.54,8.259999999999999e-23,45.251000000000005,0.875,18.944321,0,0,0.425,2DRh9FN36r,L1,Air_Compressor,https://ldas-jobs.ligo-la.caltech.edu/~gravityspy/runs/O3/zHwjGZaYsY/2DRh9FN36r.png,11.314
185352,1243627627,47.183,9.339,7.95e-23,51.728,0.875,31.89852,0,0,0.642,biLkifbCAX,L1,Air_Compressor,https://ldas-jobs.ligo-la.caltech.edu/~gravityspy/runs/O3/gaISYa8wqg/biLkifbCAX.png,22.627
197683,1243689993,41.57,8.106,8.7e-23,3991.5440000000003,0.8809999999999999,7917.877441,0,0,0.534,xNpvO4g8Wm,L1,Air_Compressor,https://ldas-jobs.ligo-la.caltech.edu/~gravityspy/runs/O3/TOGDsqRMzw/xNpvO4g8Wm.png,22.627
112353,1240875811,51.011,7.575,4.35e-23,50.495,0.5,9.56392,0,0,0.9840000000000001,QLXSUplNl2,L1,Air_Compressor,https://ldas-jobs.ligo-la.caltech.edu/~gravityspy/runs/O3/k5eelpFXqS/QLXSUplNl2.png,22.627
148653,1243131624,44.288000000000004,8.129,6.03e-23,45.251000000000005,0.625,18.944321,0,0,0.902,qytQN8bzw6,L1,Air_Compressor,https://ldas-jobs.ligo-la.caltech.edu/~gravityspy/runs/O3/tdYYxAlSnC/qytQN8bzw6.png,22.627
105849,1241468484,50.233000000000004,7.731,5.68e-23,40.025,0.5,34.307109999999994,0,0,0.9890000000000001,F2lGG1Yes6,L1,Air_Compressor,https://ldas-jobs.ligo-la.caltech.edu/~gravityspy/runs/O3/0b59BrMEi1/F2lGG1Yes6.png,22.627
93099,1242540250,49.208,16.438,9.599999999999999e-23,2785.797,0.39299999999999996,5533.762695,0,0,0.995,MqRB2gNyBc,L1,Tomte,https://ldas-jobs.ligo-la.caltech.edu/~gravityspy/runs/O3/LaREYsZZNR/MqRB2gNyBc.png,5.657
140255,1252942048,39.789,16.339000000000002,1.4100000000000001e-22,73.465,0.5,109.099602,0,0,0.9329999999999999,3JwmOOiTTd,L1,Tomte,https://ldas-jobs.ligo-la.caltech.edu/~gravityspy/runs/O3/mUaieDXQeR/3JwmOOiTTd.png,5.657
185911,1243038984,39.789,7.5120000000000005,5.74e-23,3006.031,0.155,5974.231934,0,0,0.636,tjc5XUCg97,L1,Tomte,https://ldas-jobs.ligo-la.caltech.edu/~gravityspy/runs/O3/0ZCD7lh1ZZ/tjc5XUCg97.png,5.657
63446,1246537822,39.789,28.47,2.26e-22,86.807,1.25,143.024033,0,0,0.9990000000000001,c9Bii3qSs1,L1,Tomte,https://ldas-jobs.ligo-la.caltech.edu/~gravityspy/runs/O3/Wa8gNiVDqJ/c9Bii3qSs1.png,5.657
152380,1241406411,142.363,9.908,3.27e-23,238.042,0.151,439.97024500000003,0,0,0.8859999999999999,Z3pN56bYvg,L1,Tomte,https://ldas-jobs.ligo-la.caltech.edu/~gravityspy/runs/O3/d0hA0sOA0w/Z3pN56bYvg.png,5.657
55941,1242793350,49.208,19.177,1.19e-22,73.465,0.875,109.099602,0,0,1.0,MiM7ibefr2,L1,Tomte,https://ldas-jobs.ligo-la.caltech.edu/~gravityspy/runs/O3/TUxGgeLt6R/MiM7ibefr2.png,5.657
182450,1248517853,39.789,10.264000000000001,8.15e-23,1152.638,0.25,2264.631104,0,0,0.67,U7tlec8pdD,L1,Tomte,https://ldas-jobs.ligo-la.caltech.edu/~gravityspy/runs/O3/pNOnin1nbj/U7tlec8pdD.png,5.657
72450,1250446931,39.789,38.078,3e-22,86.807,1.25,143.024033,0,0,0.9990000000000001,al1HdZX1Dp,L1,Tomte,https://ldas-jobs.ligo-la.caltech.edu/~gravityspy/runs/O3/XbQAzr1dIs/al1HdZX1Dp.png,5.657
116218,1246061857,49.208,10.264000000000001,6.6e-23,3816.8309999999997,0.551,7587.91748,0,0,0.98,ykjOjw9Wvk,L1,Tomte,https://ldas-jobs.ligo-la.caltech.edu/~gravityspy/runs/O3/M8loNdbjHW/ykjOjw9Wvk.png,5.657
168275,1252727988,39.789,26.78,2.16e-22,3658.9,1.594,7287.211426000001,0,0,0.79,LRCpdNkIsq,L1,Tomte,https://ldas-jobs.ligo-la.caltech.edu/~gravityspy/runs/O3/odpOBjzlIL/LRCpdNkIsq.png,5.657
163303,1249694361,1709.217,8.269,7.269999999999999e-23,1788.975,0.012,1435.0195310000001,0,0,0.8240000000000001,xrlX4nRsqD,L1,No_Glitch,https://ldas-jobs.ligo-la.caltech.edu/~gravityspy/runs/O3/TkzobTEeU5/xrlX4nRsqD.png,5.657
65032,1241098193,89.064,7.5089999999999995,4.9700000000000007e-23,131.918,0.563,92.829247,0,0,0.9990000000000001,OakY82F1Sr,H1,No_Glitch,https://ldas-jobs.ligo-wa.caltech.edu/~gravityspy/runs/O3/bt0OI9Tisr/OakY82F1Sr.png,11.314
97509,1246757539,115.113,595.285,2.2200000000000002e-21,3981.425,2.75,7938.115723000001,0,0,0.993,xCjipejExc,L1,No_Glitch,https://ldas-jobs.ligo-la.caltech.edu/~gravityspy/runs/O3/EpBzdGu87y/xCjipejExc.png,22.627
101869,1242610986,11.120999999999999,7.513999999999999,2.9799999999999998e-21,3905.845,0.649,7791.69043,0,0,0.991,MFW1uwF9wc,L1,No_Glitch,https://ldas-jobs.ligo-la.caltech.edu/~gravityspy/runs/O3/lyqsKGWMJe/MFW1uwF9wc.png,22.627
183465,1246259934,1270.1860000000001,9.366,6.46e-23,1446.547,0.012,1160.342163,0,0,0.66,b3Bt1OazNx,L1,No_Glitch,https://ldas-jobs.ligo-la.caltech.edu/~gravityspy/runs/O3/Abb8qdmP9C/b3Bt1OazNx.png,11.314
88796,1242337966,11.120999999999999,8.381,2.94e-21,11.184000000000001,0.281,2.36721,0,0,0.996,Pcsns3eZIc,L1,No_Glitch,https://ldas-jobs.ligo-la.caltech.edu/~gravityspy/runs/O3/m5uEI99oZo/Pcsns3eZIc.png,22.627
76356,1240698984,87.398,18.743,9.829999999999999e-23,3226.3059999999996,7.531000000000001,6317.257324,0,0,0.998,48d4zfQag4,H1,No_Glitch,https://ldas-jobs.ligo-wa.caltech.edu/~gravityspy/runs/O3/9hA63eM4qu/48d4zfQag4.png,5.657
135477,1247840804,963.4789999999999,8.891,4.7700000000000004e-23,3754.728,0.183,7374.100586,0,0,0.9470000000000001,zhXWY29s8L,L1,No_Glitch,https://ldas-jobs.ligo-la.caltech.edu/~gravityspy/runs/O3/RB6XGJTsBf/zhXWY29s8L.png,5.657
121348,1249959916,1065.326,8.734,5.2099999999999994e-23,3866.138,0.18,6331.189941,0,0,0.973,uCXQilLmhi,L1,No_Glitch,https://ldas-jobs.ligo-la.caltech.edu/~gravityspy/runs/O3/uYnfLjcxWM/uCXQilLmhi.png,11.314
123416,1246289199,60.785,9.377,5.33e-23,3776.8540000000003,0.688,7471.10791,0,0,0.97,37ufl0u5X2,L1,No_Glitch,https://ldas-jobs.ligo-la.caltech.edu/~gravityspy/runs/O3/D6o2GUJZkM/37ufl0u5X2.png,11.314
116825,1252052196,10.874,9.14,6.71e-20,12.647,2.5,5.29479,0,0,0.9790000000000001,PtlzKpqz8o,H1,Low_Frequency_Lines,https://ldas-jobs.ligo-wa.caltech.edu/~gravityspy/runs/O3/yeBYiX6MWu/PtlzKpqz8o.png,45.255
119836,1240839235,25.506999999999998,7.693,1.95e-22,3984.699,1.696,7931.567383,0,0,0.975,kEIRbDk4OR,L1,Low_Frequency_Lines,https://ldas-jobs.ligo-la.caltech.edu/~gravityspy/runs/O3/cxqDNDXvRy/kEIRbDk4OR.png,45.255
133010,1238663231,12.055,10.574000000000002,2.9599999999999996e-20,1009.0369999999999,1.5,2002.85083,0,0,0.9520000000000001,f0WcWrEGob,H1,Low_Frequency_Lines,https://ldas-jobs.ligo-wa.caltech.edu/~gravityspy/runs/O3/hQZnqrjNWY/f0WcWrEGob.png,22.627
117221,1243083650,13.184000000000001,7.626,2.52e-20,3811.441,2.592,7598.697265999999,0,0,0.9790000000000001,rw1jrCl6bY,L1,Low_Frequency_Lines,https://ldas-jobs.ligo-la.caltech.edu/~gravityspy/runs/O3/ER9RyKsKFJ/rw1jrCl6bY.png,45.255
191964,1244996643,11.245,57.93600000000001,4.0100000000000007e-19,3878.8740000000003,5.0,7737.748047,0,0,0.59,owzDFNNyTz,L1,Low_Frequency_Lines,https://ldas-jobs.ligo-la.caltech.edu/~gravityspy/runs/O3/Bd8CoKxBbg/owzDFNNyTz.png,22.627
92259,1238480885,19.063,8.783,8.65e-22,3907.9959999999996,1.505,7787.020995999999,0,0,0.995,E6iRXBVOYs,L1,Low_Frequency_Lines,https://ldas-jobs.ligo-la.caltech.edu/~gravityspy/runs/O3/o65NaR8gUc/E6iRXBVOYs.png,22.627
174444,1253342510,10.995999999999999,8.291,4.8099999999999996e-20,12.647,1.0,5.29479,0,0,0.74,8vfh0gDYpp,H1,Low_Frequency_Lines,https://ldas-jobs.ligo-wa.caltech.edu/~gravityspy/runs/O3/OrE1e3fQzJ/8vfh0gDYpp.png,22.627
60629,1253638194,11.148,9.654,9.5e-20,3980.241,4.5,7940.48291,0,0,1.0,IvI4bu5ouw,L1,Low_Frequency_Lines,https://ldas-jobs.ligo-la.caltech.edu/~gravityspy/runs/O3/YWAiQHqBf4/IvI4bu5ouw.png,45.255
156120,1238482316,11.319,10.577,4.1e-20,11.107000000000001,1.5,6.9904,0,0,0.867,RVfgwAlrA2,H1,Low_Frequency_Lines,https://ldas-jobs.ligo-wa.caltech.edu/~gravityspy/runs/O3/DQK6n3RvwU/RVfgwAlrA2.png,22.627
126862,1240579462,10.645999999999999,7.8629999999999995,6.58e-20,3830.6929999999998,7.0,7649.257323999999,0,0,0.965,LtBzG1sdRc,L1,Low_Frequency_Lines,https://ldas-jobs.ligo-la.caltech.edu/~gravityspy/runs/O3/mMC09Oyiy6/LtBzG1sdRc.png,45.255
207401,1242290861,49.208,9.683,5.79e-23,3982.889,1.125,7935.187988,0,0,0.257,Uqp7PxEvFN,L1,Chirp,https://ldas-jobs.ligo-la.caltech.edu/~gravityspy/runs/O3/ZsnmVtlFrQ/Uqp7PxEvFN.png,5.657
157791,1244061707,509.36300000000006,11.526,4.35e-23,1264.9389999999999,0.16399999999999998,2483.091797,0,0,0.858,UDQOhf3dAP,L1,Chirp,https://ldas-jobs.ligo-la.caltech.edu/~gravityspy/runs/O3/zVGT5vp1bt/UDQOhf3dAP.png,5.657
143434,1253496036,115.113,10.244000000000002,4.0999999999999997e-23,418.522,0.129,748.545837,0,0,0.9229999999999999,OULog1WWqO,H1,Chirp,https://ldas-jobs.ligo-wa.caltech.edu/~gravityspy/runs/O3/396BxE6kvB/OULog1WWqO.png,5.657
165501,1242719514,35.163000000000004,9.756,1.23e-22,49.43899999999999,0.5,36.352859,0,0,0.81,BwdNhCq8Ql,L1,Chirp,https://ldas-jobs.ligo-la.caltech.edu/~gravityspy/runs/O3/aXCC4FsJjj/BwdNhCq8Ql.png,5.657
143435,1253496036,115.113,10.244000000000002,4.0999999999999997e-23,418.522,0.129,748.545837,0,0,0.9229999999999999,OgHQ1wyK0G,H1,Chirp,https://ldas-jobs.ligo-wa.caltech.edu/~gravityspy/runs/O3/zpdNbPR4jb/OgHQ1wyK0G.png,5.657
207065,1248307386,37.602,9.375,1.0899999999999999e-22,547.122,0.289,1048.6872560000002,0,0,0.321,qImvFiwoS6,H1,Chirp,https://ldas-jobs.ligo-wa.caltech.edu/~gravityspy/runs/O3/fdoyOqpaBp/qImvFiwoS6.png,5.657
153395,1250747149,75.263,7.776,4.01e-23,92.03,0.188,132.57759099999998,0,0,0.8809999999999999,GDMB8hhMEQ,H1,Chirp,https://ldas-jobs.ligo-wa.caltech.edu/~gravityspy/runs/O3/NGMRTqbx5C/GDMB8hhMEQ.png,5.657
120181,1252150105,93.079,9.365,3.44e-23,3997.366,0.485,7906.233887,0,0,0.975,c32zRfm0As,L1,Chirp,https://ldas-jobs.ligo-la.caltech.edu/~gravityspy/runs/O3/Ogv2RmGrcQ/c32zRfm0As.png,5.657
192924,1249031309,75.263,19.994,1.1e-22,161.43,0.625,276.07312,0,0,0.58,LlAHtxs6YT,H1,Chirp,https://ldas-jobs.ligo-wa.caltech.edu/~gravityspy/runs/O3/8ZbJ0aoLHx/LlAHtxs6YT.png,5.657
153394,1250747149,75.263,7.776,4.01e-23,92.03,0.188,132.57759099999998,0,0,0.8809999999999999,kc0okRzFgd,H1,Chirp,https://ldas-jobs.ligo-wa.caltech.edu/~gravityspy/runs/O3/Q3sbUrc3fI/kc0okRzFgd.png,5.657
203672,1247554038,60.857,19.314,9.679999999999999e-23,3410.625,0.9209999999999999,6783.419434,0,0,0.45299999999999996,XzA4zfmGNh,L1,Helix,https://ldas-jobs.ligo-la.caltech.edu/~gravityspy/runs/O3/0ouZGMh88d/XzA4zfmGNh.png,5.657
172472,1242265444,32.173,11.957,1.55e-22,3982.889,2.072,7935.187988,0,0,0.757,mgKxguu4Me,L1,Helix,https://ldas-jobs.ligo-la.caltech.edu/~gravityspy/runs/O3/sup3FaWY6c/mgKxguu4Me.png,5.657
182824,1245950752,26.015,24.601999999999997,4.09e-22,3908.493,1.5,7786.395508,0,0,0.6659999999999999,C24beBWM3e,L1,Helix,https://ldas-jobs.ligo-la.caltech.edu/~gravityspy/runs/O3/gbtv59xmqt/C24beBWM3e.png,5.657
200640,1250342329,26.685,7.5520000000000005,1.6399999999999999e-22,359.72900000000004,1.0,681.627441,0,0,0.503,TZPDnOwjPr,L1,Helix,https://ldas-jobs.ligo-la.caltech.edu/~gravityspy/runs/O3/XXgPziMHTB/TZPDnOwjPr.png,5.657
190387,1242354762,39.789,78.813,5.9499999999999995e-22,3407.3509999999997,2.75,6789.967773,0,0,0.606,pBkNYpHzmj,L1,Helix,https://ldas-jobs.ligo-la.caltech.edu/~gravityspy/runs/O3/laSPi8Z0eI/pBkNYpHzmj.png,5.657
163578,1246395104,39.789,30.65,3.53e-22,672.01,2.0,1306.188354,0,0,0.823,njTbXbZSfB,H1,Helix,https://ldas-jobs.ligo-wa.caltech.edu/~gravityspy/runs/O3/fJGGrGM5ns/njTbXbZSfB.png,5.657
206732,1248476386,23.070999999999998,21.872,1.4599999999999999e-21,47.31,0.75,69.76619000000001,0,0,0.35100000000000003,Oa2HFXG9qA,H1,Helix,https://ldas-jobs.ligo-wa.caltech.edu/~gravityspy/runs/O3/n9p8xUQiW5/Oa2HFXG9qA.png,45.255
161826,1248037911,32.173,33.852,6.33e-22,3813.042,2.658,7595.494629000001,0,0,0.8340000000000001,92SCQh248c,L1,Helix,https://ldas-jobs.ligo-la.caltech.edu/~gravityspy/runs/O3/b8cdhsXMms/92SCQh248c.png,5.657
204676,1253717046,56.597,16.579,8.690000000000001e-23,86.345,0.5,133.945984,0,0,0.43,QbmIicOU7x,H1,Helix,https://ldas-jobs.ligo-wa.caltech.edu/~gravityspy/runs/O3/2laBVMGB3f/QbmIicOU7x.png,5.657
199553,1251015482,44.692,45.42,3.4300000000000003e-22,3241.212,1.75,6445.851563,0,0,0.515,s1YkVUwBVe,H1,Helix,https://ldas-jobs.ligo-wa.caltech.edu/~gravityspy/runs/O3/KNP71db1yM/s1YkVUwBVe.png,22.627
149545,1246356288,1270.1860000000001,10.899000000000001,7.14e-23,1446.547,0.016,1160.342163,0,0,0.899,iIADwrMDzX,L1,1400Ripples,https://ldas-jobs.ligo-la.caltech.edu/~gravityspy/runs/O3/fO0GJyCLvM/iIADwrMDzX.png,11.314
161648,1249063987,1636.34,10.562000000000001,8.93e-23,1788.975,0.02,1435.0195310000001,0,0,0.836,xpBQcjmPhE,L1,1400Ripples,https://ldas-jobs.ligo-la.caltech.edu/~gravityspy/runs/O3/6r6AANwoI9/xpBQcjmPhE.png,11.314
196171,1247962864,1349.3970000000002,12.162,8.62e-23,4408.429,0.384,7084.106934,0,0,0.55,16O4dXojEk,L1,1400Ripples,https://ldas-jobs.ligo-la.caltech.edu/~gravityspy/runs/O3/SJbehPJrrY/16O4dXojEk.png,11.314
128196,1253447022,1662.418,11.148,1.02e-22,1788.975,0.02,1435.0195310000001,0,0,0.9620000000000001,lu1PVRHtxc,L1,1400Ripples,https://ldas-jobs.ligo-la.caltech.edu/~gravityspy/runs/O3/8g9h5XRf3z/lu1PVRHtxc.png,22.627
76064,1248377739,1636.34,10.722999999999999,9.19e-23,1788.975,0.02,1435.0195310000001,0,0,0.998,Edaln9NTOI,L1,1400Ripples,https://ldas-jobs.ligo-la.caltech.edu/~gravityspy/runs/O3/tYvtlQR995/Edaln9NTOI.png,22.627
171400,1247649182,1270.1860000000001,16.97,1.13e-22,1900.183,0.027000000000000003,2399.279785,0,0,0.7659999999999999,O1hIIa1sXI,L1,1400Ripples,https://ldas-jobs.ligo-la.caltech.edu/~gravityspy/runs/O3/xAhFkXb4mN/O1hIIa1sXI.png,11.314
140338,1250210459,1359.461,14.885,1.0899999999999999e-22,1686.431,0.027000000000000003,1640.1088869999999,0,0,0.9329999999999999,PMxc9Jhmmh,L1,1400Ripples,https://ldas-jobs.ligo-la.caltech.edu/~gravityspy/runs/O3/WYJoXHX3so/PMxc9Jhmmh.png,22.627
182670,1251715097,1636.34,7.5089999999999995,6.559999999999999e-23,3236.817,0.10800000000000001,3823.4270020000004,0,0,0.6679999999999999,T996nnl7BB,L1,1400Ripples,https://ldas-jobs.ligo-la.caltech.edu/~gravityspy/runs/O3/SYzCMoyPbg/T996nnl7BB.png,22.627
134870,1248823021,1349.3970000000002,9.882,7.079999999999999e-23,1686.431,0.021,1640.1088869999999,0,0,0.948,PmOeCXDSnF,L1,1400Ripples,https://ldas-jobs.ligo-la.caltech.edu/~gravityspy/runs/O3/7zdBHAbV81/PmOeCXDSnF.png,11.314
183163,1250063752,1270.1860000000001,11.414000000000001,7.85e-23,1446.547,0.016,1160.342163,0,0,0.6629999999999999,7luHnAbXU7,L1,1400Ripples,https://ldas-jobs.ligo-la.caltech.edu/~gravityspy/runs/O3/RBNW8pt3Eh/7luHnAbXU7.png,11.314
173019,1251429767,24.264,24.339000000000002,5.339999999999999e-22,3745.7729999999997,1.8230000000000002,7460.95752,0,0,0.752,1LkfJukUFw,L1,Light_Modulation,https://ldas-jobs.ligo-la.caltech.edu/~gravityspy/runs/O3/Ts5LL1knDU/1LkfJukUFw.png,11.314
202335,1243390557,32.173,25.309,3e-22,3908.493,2.059,7786.395508,0,0,0.48,KKTNJaAijX,L1,Light_Modulation,https://ldas-jobs.ligo-la.caltech.edu/~gravityspy/runs/O3/3RwpH7DCIR/KKTNJaAijX.png,5.657
205088,1240963111,26.015,101.999,1.92e-21,3907.0290000000005,2.5,7789.323242,0,0,0.419,hHrVUyMdQY,L1,Light_Modulation,https://ldas-jobs.ligo-la.caltech.edu/~gravityspy/runs/O3/cVbASSzwDQ/hHrVUyMdQY.png,11.314
196339,1238206073,30.686999999999998,71.45100000000001,9.350000000000001e-22,2959.85,2.0,5904.672852000001,0,0,0.5479999999999999,TfKYm6s4Lk,L1,Light_Modulation,https://ldas-jobs.ligo-la.caltech.edu/~gravityspy/runs/O3/JeZ5hkq0wO/TfKYm6s4Lk.png,5.657
149279,1238317573,19.599,10.925,8.14e-22,3981.086,3.25,7938.793456999999,0,0,0.9,LUFIEQvWBU,L1,Light_Modulation,https://ldas-jobs.ligo-la.caltech.edu/~gravityspy/runs/O3/pmGIxlrtkT/LUFIEQvWBU.png,45.255
147863,1238322841,30.686999999999998,70.78399999999999,1.0000000000000001e-21,3463.1540000000005,2.25,6897.336914,0,0,0.9059999999999999,FdIxWK6ExO,L1,Light_Modulation,https://ldas-jobs.ligo-la.caltech.edu/~gravityspy/runs/O3/Srh3BM97nm/FdIxWK6ExO.png,5.657
105700,1251231776,26.015,26.916,6.74e-22,541.36,2.0,1060.2109380000002,0,0,0.9890000000000001,Lk4JFOAvLl,L1,Light_Modulation,https://ldas-jobs.ligo-la.caltech.edu/~gravityspy/runs/O3/Yj1x6JfDm5/Lk4JFOAvLl.png,5.657
124517,1253434006,26.015,81.72399999999999,1.4800000000000002e-21,2782.522,1.25,5540.310547,0,0,0.968,UOMYIsbqXN,L1,Light_Modulation,https://ldas-jobs.ligo-la.caltech.edu/~gravityspy/runs/O3/8g9h5XRf3z/UOMYIsbqXN.png,5.657
117289,1241739770,26.015,48.049,1.74e-21,1921.808,1.5,3823.615723,0,0,0.9790000000000001,AZgcrhV3yg,H1,Light_Modulation,https://ldas-jobs.ligo-wa.caltech.edu/~gravityspy/runs/O3/BQzt4ubJkY/AZgcrhV3yg.png,5.657
141358,1247989623,32.173,32.622,3.64e-22,3426.8520000000003,1.75,6823.11377,0,0,0.929,YvOSgxA4lR,L1,Light_Modulation,https://ldas-jobs.ligo-la.caltech.edu/~gravityspy/runs/O3/1dBxXjkuXE/YvOSgxA4lR.png,5.657
184701,1249221502,23.511,7.745,2.29e-22,23.943,0.25,10.05525,0,0,0.649,Vq7lligNSa,L1,Paired_Doves,https://ldas-jobs.ligo-la.caltech.edu/~gravityspy/runs/O3/aZBAPLdqyZ/Vq7lligNSa.png,11.314
206105,1239740383,24.802,7.6739999999999995,2.07e-22,23.771,0.188,11.640830000000001,0,0,0.384,3YZ9rrA0zy,L1,Paired_Doves,https://ldas-jobs.ligo-la.caltech.edu/~gravityspy/runs/O3/TYPpYmO0q5/3YZ9rrA0zy.png,11.314
162244,1251818994,25.048000000000002,8.896,2.0600000000000001e-22,3984.699,1.242,7931.567383,0,0,0.831,oGjE0SeYB1,L1,Paired_Doves,https://ldas-jobs.ligo-la.caltech.edu/~gravityspy/runs/O3/VBgtowf0ld/oGjE0SeYB1.png,22.627
157294,1250367170,25.146,8.34,1.9199999999999997e-22,3984.699,2.75,7931.567383,0,0,0.861,FHrl70Jz8P,L1,Paired_Doves,https://ldas-jobs.ligo-la.caltech.edu/~gravityspy/runs/O3/jy5ccdoTog/FHrl70Jz8P.png,11.314
189351,1251043481,24.264,8.777999999999999,2.98e-22,31.581999999999997,0.25,25.333481,0,0,0.616,yUw2Fgdcdn,L1,Paired_Doves,https://ldas-jobs.ligo-la.caltech.edu/~gravityspy/runs/O3/9m2jQ9RCri/yUw2Fgdcdn.png,11.314
176134,1243282403,25.048000000000002,8.025,2.37e-22,27.346999999999998,0.75,16.8638,0,0,0.726,zZ7PPd0cQg,L1,Paired_Doves,https://ldas-jobs.ligo-la.caltech.edu/~gravityspy/runs/O3/RWpU8ck38X/zZ7PPd0cQg.png,11.314
202482,1243433048,27.308000000000003,9.086,1.65e-22,3300.365,1.0,6562.898438,0,0,0.47700000000000004,G4dKSFSmzD,L1,Paired_Doves,https://ldas-jobs.ligo-la.caltech.edu/~gravityspy/runs/O3/bGxxzPmSxE/G4dKSFSmzD.png,11.314
158192,1244469361,1473.621,8.793,6.85e-23,1024.795,0.5,2003.846436,0,0,0.856,nX88tANFJI,L1,Paired_Doves,https://ldas-jobs.ligo-la.caltech.edu/~gravityspy/runs/O3/IrxX873QkN/nX88tANFJI.png,5.657
199514,1243287090,26.685,9.121,2.3300000000000003e-22,2812.1459999999997,2.135,5586.462402,0,0,0.515,JtVwpx6MxQ,L1,Paired_Doves,https://ldas-jobs.ligo-la.caltech.edu/~gravityspy/runs/O3/pba2m66CbT/JtVwpx6MxQ.png,11.314
205555,1243286101,27.308000000000003,9.866,1.7e-22,3910.303,1.25,7782.774901999999,0,0,0.402,5x5lLPPKex,L1,Paired_Doves,https://ldas-jobs.ligo-la.caltech.edu/~gravityspy/runs/O3/pba2m66CbT/5x5lLPPKex.png,11.314
189916,1247585877,1050.42,10.467,6.099999999999999e-23,1363.63,0.031,1326.175415,0,0,0.61,X5CziXIl7h,L1,1080Lines,https://ldas-jobs.ligo-la.caltech.edu/~gravityspy/runs/O3/PBqTLNc4EJ/X5CziXIl7h.png,11.314
178898,1252400407,1119.088,11.855,7.8e-23,3306.365,0.075,5211.643555,0,0,0.701,H7KtK6ooyw,L1,1080Lines,https://ldas-jobs.ligo-la.caltech.edu/~gravityspy/runs/O3/3xOgb6PsfB/H7KtK6ooyw.png,22.627
175556,1251178413,985.9639999999999,9.557,5.46e-23,1363.63,0.016,1326.175415,0,0,0.731,5BlwkrgXYd,L1,1080Lines,https://ldas-jobs.ligo-la.caltech.edu/~gravityspy/runs/O3/4I4CLemM97/5BlwkrgXYd.png,22.627
156039,1248843685,985.9639999999999,8.488,4.7399999999999997e-23,1169.663,0.012,938.2408449999999,0,0,0.868,gDCYqVl08j,L1,1080Lines,https://ldas-jobs.ligo-la.caltech.edu/~gravityspy/runs/O3/2GaEcdsabu/gDCYqVl08j.png,22.627
205740,1249688436,1065.326,9.901,6.079999999999999e-23,1363.63,0.023,1326.175415,0,0,0.396,zoJzY8sHzM,L1,1080Lines,https://ldas-jobs.ligo-la.caltech.edu/~gravityspy/runs/O3/bVLKLtg2aR/zoJzY8sHzM.png,11.314
178756,1244084054,1098.858,8.263,7.19e-23,1174.485,0.12300000000000001,208.919601,0,0,0.703,d3ztx353fv,H1,1080Lines,https://ldas-jobs.ligo-wa.caltech.edu/~gravityspy/runs/O3/zzpxSg7u9b/d3ztx353fv.png,45.255
191091,1250692672,1119.088,9.048,5.76e-23,1169.663,0.023,938.2408449999999,0,0,0.599,eN2q3Ss0kp,L1,1080Lines,https://ldas-jobs.ligo-la.caltech.edu/~gravityspy/runs/O3/7UnQqZowOt/eN2q3Ss0kp.png,22.627
140366,1249593290,1050.42,8.04,5.01e-23,1169.663,0.023,938.2408449999999,0,0,0.9329999999999999,NcFcCDZHEy,L1,1080Lines,https://ldas-jobs.ligo-la.caltech.edu/~gravityspy/runs/O3/yM1WB5BMso/NcFcCDZHEy.png,22.627
207034,1249316346,985.9639999999999,8.914,5.13e-23,3816.8309999999997,0.491,7587.91748,0,0,0.325,ImrvRislgM,L1,1080Lines,https://ldas-jobs.ligo-la.caltech.edu/~gravityspy/runs/O3/s2O7vYEIZ9/ImrvRislgM.png,11.314
100840,1253101508,1023.363,7.521,6.120000000000001e-23,956.428,0.109,511.769409,0,0,0.991,U0tcXr4hvb,H1,1080Lines,https://ldas-jobs.ligo-wa.caltech.edu/~gravityspy/runs/O3/zpdNbPR4jb/U0tcXr4hvb.png,45.255
